date,open,high,low,close,volume,average,barCount
2023-05-25,7.064355,7.094605,7.06346,7.09194,-1.0,-1.0,-1
2023-05-26,7.091125,7.098635,7.0558,7.0702,-1.0,-1.0,-1
2023-05-29,7.068055,7.0912,7.067505,7.084905,-1.0,-1.0,-1
2023-05-30,7.08642,7.109525,7.07462,7.091145,-1.0,-1.0,-1
2023-05-31,7.0901,7.134475,7.08735,7.11941,-1.0,-1.0,-1
2023-06-01,7.1192,7.139875,7.101845,7.10438,-1.0,-1.0,-1
2023-06-02,7.104255,7.11487,7.06701,7.109305,-1.0,-1.0,-1
2023-06-05,7.10487,7.135915,7.103295,7.119335,-1.0,-1.0,-1
2023-06-06,7.11885,7.14426,7.10622,7.128855,-1.0,-1.0,-1
2023-06-07,7.12897,7.153295,7.111905,7.14706,-1.0,-1.0,-1
2023-06-08,7.1468,7.15569,7.11692,7.120965,-1.0,-1.0,-1
2023-06-09,7.12045,7.14636,7.11666,7.14434,-1.0,-1.0,-1
2023-06-12,7.13735,7.16047,7.13624,7.156795,-1.0,-1.0,-1
2023-06-13,7.155725,7.1789,7.148395,7.174975,-1.0,-1.0,-1
2023-06-14,7.17325,7.178755,7.150785,7.173755,-1.0,-1.0,-1
2023-06-15,7.173655,7.1922,7.117875,7.12038,-1.0,-1.0,-1
2023-06-16,7.12151,7.144495,7.10398,7.12807,-1.0,-1.0,-1
2023-06-19,7.128975,7.16736,7.12851,7.164265,-1.0,-1.0,-1
2023-06-20,7.16415,7.18938,7.16087,7.183965,-1.0,-1.0,-1
2023-06-21,7.18233,7.203475,7.175245,7.17681,-1.0,-1.0,-1
2023-06-22,7.177325,7.203645,7.16695,7.195605,-1.0,-1.0,-1
2023-06-23,7.19625,7.22865,7.19316,7.215495,-1.0,-1.0,-1
2023-06-26,7.214,7.246545,7.206295,7.243255,-1.0,-1.0,-1
2023-06-27,7.243405,7.24947,7.206385,7.22451,-1.0,-1.0,-1
2023-06-28,7.224395,7.269185,7.212055,7.243025,-1.0,-1.0,-1
2023-06-29,7.24347,7.277055,7.2335,7.268505,-1.0,-1.0,-1
2023-06-30,7.268495,7.285665,7.25167,7.267655,-1.0,-1.0,-1
2023-07-03,7.26685,7.27315,7.24508,7.252555,-1.0,-1.0,-1
2023-07-04,7.252825,7.25735,7.218075,7.2271,-1.0,-1.0,-1
2023-07-05,7.22888,7.26534,7.221745,7.262055,-1.0,-1.0,-1
2023-07-06,7.26195,7.27441,7.24262,7.255605,-1.0,-1.0,-1
2023-07-07,7.25893,7.25893,7.224815,7.231795,-1.0,-1.0,-1
2023-07-10,7.229945,7.249185,7.220255,7.229195,-1.0,-1.0,-1
2023-07-11,7.229725,7.23645,7.194865,7.21175,-1.0,-1.0,-1
2023-07-12,7.21192,7.215675,7.16167,7.16505,-1.0,-1.0,-1
2023-07-13,7.16509,7.181815,7.14797,7.150515,-1.0,-1.0,-1
2023-07-14,7.151555,7.16179,7.122785,7.15651,-1.0,-1.0,-1
2023-07-17,7.15775,7.189655,7.148465,7.17818,-1.0,-1.0,-1
2023-07-18,7.17793,7.197085,7.16753,7.192745,-1.0,-1.0,-1
2023-07-19,7.19312,7.236835,7.19166,7.231995,-1.0,-1.0,-1
2023-07-20,7.231855,7.23247,7.166835,7.174335,-1.0,-1.0,-1
2023-07-21,7.177195,7.19224,7.16405,7.18993,-1.0,-1.0,-1
2023-07-24,7.18665,7.213345,7.17884,7.185235,-1.0,-1.0,-1
2023-07-25,7.185925,7.18978,7.12596,7.13685,-1.0,-1.0,-1
2023-07-26,7.13665,7.1642,7.13585,7.1524,-1.0,-1.0,-1
2023-07-27,7.15115,7.1774,7.11595,7.1708,-1.0,-1.0,-1
2023-07-28,7.1709,7.1779,7.1444,7.15335,-1.0,-1.0,-1
2023-07-31,7.1566,7.15935,7.13275,7.1465,-1.0,-1.0,-1
2023-08-01,7.14685,7.19125,7.14545,7.1858,-1.0,-1.0,-1
2023-08-02,7.1865,7.21315,7.17335,7.2005,-1.0,-1.0,-1
2023-08-03,7.2007,7.2082,7.1702,7.18205,-1.0,-1.0,-1
2023-08-04,7.18245,7.1952,7.1553,7.18835,-1.0,-1.0,-1
2023-08-07,7.18545,7.2054,7.1854,7.2002,-1.0,-1.0,-1
2023-08-08,7.2014,7.25125,7.2003,7.2375,-1.0,-1.0,-1
2023-08-09,7.2362,7.24425,7.20695,7.2287,-1.0,-1.0,-1
2023-08-10,7.2296,7.2451,7.2076,7.24255,-1.0,-1.0,-1
2023-08-11,7.24245,7.26365,7.2339,7.26015,-1.0,-1.0,-1
2023-08-14,7.2592,7.29285,7.25885,7.27945,-1.0,-1.0,-1
2023-08-15,7.2793,7.3313,7.27655,7.32485,-1.0,-1.0,-1
2023-08-16,7.32365,7.34275,7.3041,7.3359,-1.0,-1.0,-1
2023-08-17,7.33695,7.34985,7.29695,7.30355,-1.0,-1.0,-1
2023-08-18,7.30425,7.31885,7.2825,7.3054,-1.0,-1.0,-1
2023-08-21,7.306645,7.3362,7.278225,7.28892,-1.0,-1.0,-1
2023-08-22,7.28745,7.316995,7.269195,7.30645,-1.0,-1.0,-1
2023-08-23,7.30698,7.30745,7.282555,7.28806,-1.0,-1.0,-1
2023-08-24,7.288555,7.29477,7.267835,7.280975,-1.0,-1.0,-1
2023-08-25,7.28227,7.301975,7.280125,7.294305,-1.0,-1.0,-1
2023-08-28,7.285555,7.30572,7.26976,7.29333,-1.0,-1.0,-1
2023-08-29,7.29222,7.31074,7.280105,7.284385,-1.0,-1.0,-1
2023-08-30,7.285575,7.30486,7.281565,7.30325,-1.0,-1.0,-1
2023-08-31,7.29893,7.302045,7.26858,7.275985,-1.0,-1.0,-1
2023-09-01,7.274545,7.27858,7.239135,7.27018,-1.0,-1.0,-1
2023-09-04,7.269675,7.27898,7.25477,7.27496,-1.0,-1.0,-1
2023-09-05,7.27518,7.31177,7.274495,7.30511,-1.0,-1.0,-1
2023-09-06,7.30258,7.32781,7.301595,7.32047,-1.0,-1.0,-1
2023-09-07,7.319995,7.345915,7.31896,7.341645,-1.0,-1.0,-1
2023-09-08,7.341355,7.368235,7.334605,7.365565,-1.0,-1.0,-1
2023-09-11,7.36088,7.36378,7.29194,7.302505,-1.0,-1.0,-1
2023-09-12,7.30432,7.31459,7.291785,7.30164,-1.0,-1.0,-1
2023-09-13,7.30068,7.306015,7.2693,7.271655,-1.0,-1.0,-1
2023-09-14,7.2721,7.2971,7.260625,7.28999,-1.0,-1.0,-1
2023-09-15,7.287275,7.29545,7.25965,7.280745,-1.0,-1.0,-1
2023-09-18,7.276255,7.298725,7.27175,7.29128,-1.0,-1.0,-1
2023-09-19,7.292055,7.30781,7.28857,7.30343,-1.0,-1.0,-1
2023-09-20,7.30292,7.315975,7.288475,7.307325,-1.0,-1.0,-1
2023-09-21,7.307295,7.32159,7.30361,7.314035,-1.0,-1.0,-1
2023-09-22,7.31535,7.317,7.29473,7.2995,-1.0,-1.0,-1
2023-09-25,7.297505,7.317985,7.294605,7.316055,-1.0,-1.0,-1
2023-09-26,7.315595,7.31724,7.305845,7.310105,-1.0,-1.0,-1
2023-09-27,7.31165,7.32668,7.300905,7.322755,-1.0,-1.0,-1
2023-09-28,7.321325,7.32761,7.29111,7.2948,-1.0,-1.0,-1
2023-09-29,7.29405,7.298845,7.2811,7.29246,-1.0,-1.0,-1
2023-10-02,7.300525,7.32291,7.29662,7.322375,-1.0,-1.0,-1
2023-10-03,7.32185,7.33161,7.31227,7.32311,-1.0,-1.0,-1
2023-10-04,7.32173,7.3298,7.309055,7.31602,-1.0,-1.0,-1
2023-10-05,7.31902,7.324335,7.303275,7.306405,-1.0,-1.0,-1
2023-10-06,7.306645,7.32206,7.298495,7.309135,-1.0,-1.0,-1
2023-10-09,7.3102,7.31927,7.284285,7.293465,-1.0,-1.0,-1
2023-10-10,7.294275,7.30143,7.269775,7.28866,-1.0,-1.0,-1
2023-10-11,7.291005,7.30485,7.28167,7.30144,-1.0,-1.0,-1
2023-10-12,7.30145,7.313145,7.289585,7.30972,-1.0,-1.0,-1
2023-10-13,7.309395,7.314155,7.30097,7.312715,-1.0,-1.0,-1
2023-10-16,7.31122,7.319415,7.30647,7.30878,-1.0,-1.0,-1
2023-10-17,7.30892,7.3298,7.30865,7.32585,-1.0,-1.0,-1
2023-10-18,7.325905,7.330225,7.304705,7.32763,-1.0,-1.0,-1
2023-10-19,7.32663,7.34708,7.321725,7.336355,-1.0,-1.0,-1
2023-10-20,7.33635,7.339275,7.32113,7.327225,-1.0,-1.0,-1
2023-10-23,7.32685,7.33334,7.30922,7.310505,-1.0,-1.0,-1
2023-10-24,7.3107,7.324785,7.30158,7.3143,-1.0,-1.0,-1
2023-10-25,7.314525,7.330945,7.30684,7.329775,-1.0,-1.0,-1
2023-10-26,7.32965,7.333695,7.323,7.32468,-1.0,-1.0,-1
2023-10-27,7.325105,7.335485,7.315995,7.33311,-1.0,-1.0,-1
2023-10-30,7.33075,7.33451,7.32246,7.32518,-1.0,-1.0,-1
2023-10-31,7.325905,7.34409,7.321315,7.34096,-1.0,-1.0,-1
2023-11-01,7.340975,7.3424,7.32889,7.335285,-1.0,-1.0,-1
2023-11-02,7.33668,7.33708,7.32205,7.326375,-1.0,-1.0,-1
2023-11-03,7.32635,7.33089,7.286075,7.28774,-1.0,-1.0,-1
2023-11-06,7.29015,7.29309,7.27026,7.281945,-1.0,-1.0,-1
2023-11-07,7.283025,7.29464,7.27573,7.28082,-1.0,-1.0,-1
2023-11-08,7.280175,7.288925,7.26663,7.28694,-1.0,-1.0,-1
2023-11-09,7.286395,7.3022,7.280545,7.297765,-1.0,-1.0,-1
2023-11-10,7.298555,7.30781,7.296895,7.307245,-1.0,-1.0,-1
2023-11-13,7.3048,7.310735,7.289875,7.29298,-1.0,-1.0,-1
2023-11-14,7.29308,7.30573,7.24895,7.25257,-1.0,-1.0,-1
2023-11-15,7.2529,7.26675,7.238335,7.2586,-1.0,-1.0,-1
2023-11-16,7.258495,7.268735,7.24274,7.24856,-1.0,-1.0,-1
2023-11-17,7.24735,7.255195,7.20974,7.21769,-1.0,-1.0,-1
2023-11-20,7.220045,7.22466,7.16296,7.167435,-1.0,-1.0,-1
2023-11-21,7.1677,7.167935,7.128585,7.14303,-1.0,-1.0,-1
2023-11-22,7.142445,7.175685,7.132395,7.162055,-1.0,-1.0,-1
2023-11-23,7.16192,7.168275,7.137835,7.152215,-1.0,-1.0,-1
2023-11-24,7.15205,7.160935,7.14239,7.150205,-1.0,-1.0,-1
2023-11-27,7.150395,7.166815,7.14446,7.159475,-1.0,-1.0,-1
2023-11-28,7.16092,7.16542,7.13136,7.132865,-1.0,-1.0,-1
2023-11-29,7.132455,7.146095,7.112355,7.143005,-1.0,-1.0,-1
2023-11-30,7.143345,7.15731,7.12294,7.14616,-1.0,-1.0,-1
2023-12-01,7.140975,7.155795,7.123655,7.12407,-1.0,-1.0,-1
2023-12-04,7.12563,7.15514,7.12474,7.149605,-1.0,-1.0,-1
2023-12-05,7.149505,7.1759,7.144805,7.17329,-1.0,-1.0,-1
2023-12-06,7.17075,7.176795,7.161765,7.174195,-1.0,-1.0,-1
2023-12-07,7.17395,7.174735,7.15264,7.16305,-1.0,-1.0,-1
2023-12-08,7.16154,7.18976,7.15365,7.186055,-1.0,-1.0,-1
2023-12-11,7.18202,7.19945,7.181505,7.1947,-1.0,-1.0,-1
2023-12-12,7.19463,7.1969,7.176395,7.1941,-1.0,-1.0,-1
2023-12-13,7.1926,7.20001,7.13515,7.138765,-1.0,-1.0,-1
2023-12-14,7.1389,7.14806,7.1106,7.123555,-1.0,-1.0,-1
2023-12-15,7.123225,7.137165,7.09751,7.13426,-1.0,-1.0,-1
2023-12-18,7.13348,7.14735,7.127305,7.14325,-1.0,-1.0,-1
2023-12-19,7.143195,7.15272,7.11922,7.120505,-1.0,-1.0,-1
2023-12-20,7.124875,7.154295,7.12255,7.15075,-1.0,-1.0,-1
2023-12-21,7.150575,7.160615,7.1348,7.141575,-1.0,-1.0,-1
2023-12-22,7.14282,7.163605,7.129145,7.15648,-1.0,-1.0,-1
2023-12-26,7.145665,7.15304,7.13883,7.1424,-1.0,-1.0,-1
2023-12-27,7.143475,7.16071,7.14147,7.15244,-1.0,-1.0,-1
2023-12-28,7.146925,7.147315,7.100505,7.118555,-1.0,-1.0,-1
2023-12-29,7.11737,7.130315,7.08751,7.12566,-1.0,-1.0,-1
2024-01-02,7.115195,7.15457,7.1102,7.149005,-1.0,-1.0,-1
2024-01-03,7.14955,7.17259,7.14276,7.166305,-1.0,-1.0,-1
2024-01-04,7.16695,7.178285,7.15262,7.174955,-1.0,-1.0,-1
2024-01-05,7.175075,7.18033,7.140825,7.162675,-1.0,-1.0,-1
2024-01-08,7.16676,7.17481,7.1544,7.162325,-1.0,-1.0,-1
2024-01-09,7.163775,7.18812,7.160075,7.184215,-1.0,-1.0,-1
2024-01-10,7.184795,7.18966,7.177595,7.1826,-1.0,-1.0,-1
2024-01-11,7.183595,7.18524,7.16166,7.17475,-1.0,-1.0,-1
2024-01-12,7.175445,7.193015,7.16567,7.188505,-1.0,-1.0,-1
2024-01-15,7.187585,7.19166,7.17485,7.185505,-1.0,-1.0,-1
2024-01-16,7.186025,7.22326,7.185585,7.21864,-1.0,-1.0,-1
2024-01-17,7.21757,7.23223,7.206935,7.22177,-1.0,-1.0,-1
2024-01-18,7.2239,7.224045,7.207845,7.216055,-1.0,-1.0,-1
2024-01-19,7.216025,7.21755,7.19642,7.203015,-1.0,-1.0,-1
2024-01-22,7.204245,7.208965,7.19121,7.19328,-1.0,-1.0,-1
2024-01-23,7.1935,7.199705,7.163085,7.16745,-1.0,-1.0,-1
2024-01-24,7.167255,7.17979,7.14138,7.16275,-1.0,-1.0,-1
2024-01-25,7.1612,7.189035,7.15579,7.181015,-1.0,-1.0,-1
2024-01-26,7.180695,7.19323,7.177645,7.186745,-1.0,-1.0,-1
2024-01-29,7.18581,7.1969,7.18518,7.187485,-1.0,-1.0,-1
2024-01-30,7.187045,7.19246,7.18089,7.188435,-1.0,-1.0,-1
2024-01-31,7.188225,7.191815,7.172775,7.18703,-1.0,-1.0,-1
2024-02-01,7.18665,7.1976,7.182925,7.18772,-1.0,-1.0,-1
2024-02-02,7.18785,7.21681,7.185425,7.21625,-1.0,-1.0,-1
2024-02-05,7.21457,7.224545,7.208465,7.220045,-1.0,-1.0,-1
2024-02-06,7.21965,7.220165,7.1941,7.201545,-1.0,-1.0,-1
2024-02-07,7.201795,7.214865,7.188845,7.212745,-1.0,-1.0,-1
2024-02-08,7.208505,7.219975,7.202565,7.215415,-1.0,-1.0,-1
2024-02-09,7.215555,7.21985,7.207635,7.21892,-1.0,-1.0,-1
2024-02-12,7.21871,7.225465,7.21278,7.214805,-1.0,-1.0,-1
2024-02-13,7.21475,7.23325,7.212545,7.231485,-1.0,-1.0,-1
2024-02-14,7.231725,7.233775,7.22089,7.22404,-1.0,-1.0,-1
2024-02-15,7.2249,7.22766,7.21355,7.218255,-1.0,-1.0,-1
2024-02-16,7.21785,7.22352,7.211165,7.21274,-1.0,-1.0,-1
2024-02-19,7.212795,7.216275,7.203965,7.21113,-1.0,-1.0,-1
2024-02-20,7.21395,7.218575,7.196075,7.202215,-1.0,-1.0,-1
2024-02-21,7.2014,7.20703,7.181135,7.199555,-1.0,-1.0,-1
2024-02-22,7.19841,7.20509,7.191215,7.201435,-1.0,-1.0,-1
2024-02-23,7.202105,7.21431,7.19862,7.2056,-1.0,-1.0,-1
2024-02-26,7.206315,7.213035,7.20259,7.211155,-1.0,-1.0,-1
2024-02-27,7.210745,7.2149,7.20729,7.213835,-1.0,-1.0,-1
2024-02-28,7.21363,7.220345,7.21153,7.21405,-1.0,-1.0,-1
2024-02-29,7.21405,7.21447,7.203445,7.207725,-1.0,-1.0,-1
2024-03-01,7.20745,7.215465,7.20677,7.209845,-1.0,-1.0,-1
2024-03-04,7.209785,7.2127,7.20694,7.209955,-1.0,-1.0,-1
2024-03-05,7.210405,7.21375,7.205895,7.21184,-1.0,-1.0,-1
2024-03-06,7.21187,7.21765,7.20641,7.21062,-1.0,-1.0,-1
2024-03-07,7.209695,7.21302,7.199895,7.200535,-1.0,-1.0,-1
2024-03-08,7.20075,7.20375,7.184685,7.201045,-1.0,-1.0,-1
2024-03-11,7.200975,7.20197,7.179395,7.180175,-1.0,-1.0,-1
2024-03-12,7.180325,7.19186,7.171815,7.18698,-1.0,-1.0,-1
2024-03-13,7.18827,7.20256,7.184735,7.193765,-1.0,-1.0,-1
2024-03-14,7.1935,7.204005,7.191515,7.20242,-1.0,-1.0,-1
2024-03-15,7.201305,7.20695,7.19993,7.20503,-1.0,-1.0,-1
2024-03-18,7.204305,7.20864,7.20189,7.20612,-1.0,-1.0,-1
2024-03-19,7.206775,7.21434,7.204855,7.21209,-1.0,-1.0,-1
2024-03-20,7.2126,7.21873,7.207635,7.21115,-1.0,-1.0,-1
2024-03-21,7.211725,7.22375,7.20342,7.221485,-1.0,-1.0,-1
2024-03-22,7.22145,7.279895,7.21765,7.27545,-1.0,-1.0,-1
2024-03-25,7.274005,7.281985,7.23252,7.25292,-1.0,-1.0,-1
2024-03-26,7.2532,7.254335,7.237435,7.248675,-1.0,-1.0,-1
2024-03-27,7.24868,7.260525,7.246375,7.25401,-1.0,-1.0,-1
2024-03-28,7.253755,7.26735,7.24412,7.262135,-1.0,-1.0,-1
2024-03-29,7.26218,7.264535,7.253525,7.257505,-1.0,-1.0,-1
2024-04-01,7.256325,7.26249,7.24805,7.259355,-1.0,-1.0,-1
2024-04-02,7.25958,7.26629,7.25216,7.25452,-1.0,-1.0,-1
2024-04-03,7.255855,7.26328,7.24789,7.24877,-1.0,-1.0,-1
2024-04-04,7.24915,7.252795,7.2418,7.24876,-1.0,-1.0,-1
2024-04-05,7.24847,7.254765,7.240045,7.247735,-1.0,-1.0,-1
2024-04-08,7.247505,7.25492,7.240945,7.242755,-1.0,-1.0,-1
2024-04-09,7.242705,7.247845,7.235745,7.238105,-1.0,-1.0,-1
2024-04-10,7.23758,7.26413,7.23571,7.2628,-1.0,-1.0,-1
2024-04-11,7.261145,7.26423,7.249365,7.255985,-1.0,-1.0,-1
2024-04-12,7.255335,7.269015,7.25225,7.26735,-1.0,-1.0,-1
2024-04-15,7.267305,7.26788,7.25479,7.259175,-1.0,-1.0,-1
2024-04-16,7.258895,7.283215,7.258865,7.26434,-1.0,-1.0,-1
2024-04-17,7.263255,7.26859,7.242505,7.244245,-1.0,-1.0,-1
2024-04-18,7.24425,7.25387,7.24144,7.249885,-1.0,-1.0,-1
2024-04-19,7.248475,7.262985,7.245675,7.25149,-1.0,-1.0,-1
2024-04-22,7.251005,7.25551,7.248045,7.251565,-1.0,-1.0,-1
2024-04-23,7.25035,7.26668,7.24992,7.260485,-1.0,-1.0,-1
2024-04-24,7.259255,7.273765,7.255245,7.2729,-1.0,-1.0,-1
2024-04-25,7.272425,7.273955,7.25362,7.2553,-1.0,-1.0,-1
2024-04-26,7.255555,7.270255,7.252025,7.26895,-1.0,-1.0,-1
2024-04-29,7.26763,7.269455,7.23471,7.244085,-1.0,-1.0,-1
2024-04-30,7.242205,7.257275,7.2418,7.255095,-1.0,-1.0,-1
2024-05-01,7.25455,7.25513,7.231675,7.23436,-1.0,-1.0,-1
2024-05-02,7.233875,7.24514,7.19508,7.20622,-1.0,-1.0,-1
2024-05-03,7.204575,7.20793,7.16538,7.192725,-1.0,-1.0,-1
2024-05-06,7.19497,7.22336,7.193505,7.21385,-1.0,-1.0,-1
2024-05-07,7.213355,7.22697,7.21256,7.225475,-1.0,-1.0,-1
2024-05-08,7.22455,7.233895,7.2242,7.22952,-1.0,-1.0,-1
2024-05-09,7.229045,7.234575,7.22003,7.22229,-1.0,-1.0,-1
2024-05-10,7.22145,7.234655,7.22012,7.23435,-1.0,-1.0,-1
2024-05-13,7.233955,7.243485,7.23334,7.23981,-1.0,-1.0,-1
2024-05-14,7.239925,7.24718,7.235395,7.24024,-1.0,-1.0,-1
2024-05-15,7.240805,7.24255,7.205355,7.217745,-1.0,-1.0,-1
2024-05-16,7.2179,7.227245,7.20416,7.222875,-1.0,-1.0,-1
2024-05-17,7.22335,7.236515,7.219735,7.233505,-1.0,-1.0,-1
2024-05-20,7.2335,7.24716,7.231575,7.247015,-1.0,-1.0,-1
2024-05-21,7.247,7.249525,7.2411,7.2465,-1.0,-1.0,-1
2024-05-22,7.24745,7.25544,7.244595,7.254005,-1.0,-1.0,-1
2024-05-23,7.25293,7.25965,7.24962,7.25795,-1.0,-1.0,-1
2024-05-24,7.25725,7.26322,7.254385,7.26173,-1.0,-1.0,-1
2024-05-27,7.26175,7.262075,7.25419,7.25922,-1.0,-1.0,-1
2024-05-28,7.259,7.26453,7.257295,7.26436,-1.0,-1.0,-1
2024-05-29,7.26328,7.2758,7.263115,7.27337,-1.0,-1.0,-1
2024-05-30,7.273,7.273635,7.247615,7.25395,-1.0,-1.0,-1
2024-05-31,7.250775,7.26836,7.247855,7.263325,-1.0,-1.0,-1
2024-06-03,7.263255,7.264785,7.251095,7.252275,-1.0,-1.0,-1
2024-06-04,7.25188,7.25885,7.24114,7.24693,-1.0,-1.0,-1
2024-06-05,7.24645,7.26073,7.246215,7.259495,-1.0,-1.0,-1
2024-06-06,7.259025,7.26449,7.252625,7.259525,-1.0,-1.0,-1
2024-06-07,7.259605,7.26538,7.247425,7.263005,-1.0,-1.0,-1
2024-06-10,7.265205,7.27267,7.2636,7.265755,-1.0,-1.0,-1
2024-06-11,7.2654,7.27468,7.262495,7.271885,-1.0,-1.0,-1
2024-06-12,7.272255,7.27389,7.25006,7.26281,-1.0,-1.0,-1
2024-06-13,7.2628,7.27076,7.25966,7.2704,-1.0,-1.0,-1
2024-06-14,7.2697,7.2752,7.268665,7.27105,-1.0,-1.0,-1
2024-06-17,7.27085,7.27299,7.26718,7.27056,-1.0,-1.0,-1
2024-06-18,7.2706,7.277275,7.269215,7.27126,-1.0,-1.0,-1
2024-06-19,7.27105,7.281235,7.269755,7.28114,-1.0,-1.0,-1
2024-06-20,7.27982,7.29195,7.278665,7.29081,-1.0,-1.0,-1
2024-06-21,7.29005,7.292575,7.283845,7.290705,-1.0,-1.0,-1
2024-06-24,7.29022,7.29469,7.27704,7.282955,-1.0,-1.0,-1
2024-06-25,7.283945,7.290735,7.2763,7.2893,-1.0,-1.0,-1
2024-06-26,7.289095,7.307855,7.287605,7.30065,-1.0,-1.0,-1
2024-06-27,7.3002,7.304075,7.29431,7.30309,-1.0,-1.0,-1
2024-06-28,7.30223,7.306575,7.29032,7.30072,-1.0,-1.0,-1
2024-07-01,7.29675,7.306,7.293445,7.30484,-1.0,-1.0,-1
2024-07-02,7.3049,7.309315,7.30268,7.30718,-1.0,-1.0,-1
2024-07-03,7.30742,7.311405,7.29195,7.30322,-1.0,-1.0,-1
2024-07-04,7.303175,7.305165,7.29176,7.29286,-1.0,-1.0,-1
2024-07-05,7.29505,7.295665,7.278655,7.28923,-1.0,-1.0,-1
2024-07-08,7.2891,7.292805,7.28441,7.285635,-1.0,-1.0,-1
2024-07-09,7.28565,7.29328,7.284985,7.28882,-1.0,-1.0,-1
2024-07-10,7.288625,7.293655,7.28817,7.2925,-1.0,-1.0,-1
2024-07-11,7.291525,7.292105,7.25784,7.26797,-1.0,-1.0,-1
2024-07-12,7.26785,7.27867,7.261785,7.272365,-1.0,-1.0,-1
2024-07-15,7.27665,7.2863,7.268035,7.274825,-1.0,-1.0,-1
2024-07-16,7.27447,7.292595,7.27262,7.28966,-1.0,-1.0,-1
2024-07-17,7.288695,7.29184,7.260935,7.272005,-1.0,-1.0,-1
2024-07-18,7.2719,7.278795,7.26057,7.27711,-1.0,-1.0,-1
2024-07-19,7.2774,7.287765,7.276175,7.28556,-1.0,-1.0,-1
2024-07-22,7.285325,7.297165,7.277995,7.296235,-1.0,-1.0,-1
2024-07-23,7.29503,7.29739,7.285525,7.289525,-1.0,-1.0,-1
2024-07-24,7.288825,7.29162,7.261905,7.26618,-1.0,-1.0,-1
2024-07-25,7.267045,7.27203,7.202825,7.240255,-1.0,-1.0,-1
2024-07-26,7.243045,7.26645,7.233495,7.26317,-1.0,-1.0,-1
2024-07-29,7.26203,7.273915,7.25867,7.27231,-1.0,-1.0,-1
2024-07-30,7.27172,7.276165,7.23504,7.24384,-1.0,-1.0,-1
2024-07-31,7.243275,7.253145,7.21325,7.227825,-1.0,-1.0,-1
2024-08-01,7.225095,7.258305,7.210045,7.25173,-1.0,-1.0,-1
2024-08-02,7.25105,7.25132,7.143415,7.16174,-1.0,-1.0,-1
2024-08-05,7.163045,7.164615,7.083605,7.138155,-1.0,-1.0,-1
2024-08-06,7.13783,7.16506,7.13359,7.159345,-1.0,-1.0,-1
2024-08-07,7.16098,7.194505,7.157115,7.17353,-1.0,-1.0,-1
2024-08-08,7.172675,7.18538,7.15436,7.1839,-1.0,-1.0,-1
2024-08-09,7.18205,7.18989,7.163615,7.175525,-1.0,-1.0,-1
2024-08-12,7.17019,7.18567,7.170015,7.178535,-1.0,-1.0,-1
2024-08-13,7.178915,7.1832,7.145135,7.14767,-1.0,-1.0,-1
2024-08-14,7.1489,7.15364,7.13036,7.14722,-1.0,-1.0,-1
2024-08-15,7.144255,7.184595,7.144135,7.17926,-1.0,-1.0,-1
2024-08-16,7.180005,7.183955,7.16037,7.162875,-1.0,-1.0,-1
2024-08-19,7.161805,7.164785,7.12775,7.13356,-1.0,-1.0,-1
2024-08-20,7.133095,7.14714,7.115595,7.117345,-1.0,-1.0,-1
2024-08-21,7.1174,7.13971,7.112645,7.132695,-1.0,-1.0,-1
2024-08-22,7.131755,7.149365,7.12558,7.14689,-1.0,-1.0,-1
2024-08-23,7.147135,7.1489,7.11316,7.1165,-1.0,-1.0,-1
2024-08-26,7.117475,7.125295,7.10696,7.123025,-1.0,-1.0,-1
2024-08-27,7.123075,7.134245,7.119125,7.121755,-1.0,-1.0,-1
2024-08-28,7.12088,7.140925,7.118745,7.133345,-1.0,-1.0,-1
2024-08-29,7.131395,7.132495,7.08463,7.0943,-1.0,-1.0,-1
2024-08-30,7.094545,7.097845,7.07094,7.090945,-1.0,-1.0,-1
2024-09-02,7.088805,7.11888,7.08859,7.115205,-1.0,-1.0,-1
2024-09-03,7.11258,7.13088,7.1125,7.12105,-1.0,-1.0,-1
2024-09-04,7.12158,7.12463,7.10572,7.1135,-1.0,-1.0,-1
2024-09-05,7.112495,7.113755,7.086985,7.090555,-1.0,-1.0,-1
2024-09-06,7.09005,7.10092,7.073405,7.09399,-1.0,-1.0,-1
2024-09-09,7.094275,7.125475,7.093725,7.119635,-1.0,-1.0,-1
2024-09-10,7.11978,7.13558,7.117245,7.135335,-1.0,-1.0,-1
2024-09-11,7.133975,7.136675,7.107575,7.1286,-1.0,-1.0,-1
2024-09-12,7.127,7.133105,7.117145,7.11895,-1.0,-1.0,-1
2024-09-13,7.119255,7.12057,7.090825,7.099905,-1.0,-1.0,-1
2024-09-16,7.099995,7.104695,7.08797,7.09735,-1.0,-1.0,-1
2024-09-17,7.097425,7.1118,7.0926,7.109985,-1.0,-1.0,-1
2024-09-18,7.109995,7.111325,7.06952,7.095335,-1.0,-1.0,-1
2024-09-19,7.094475,7.1136,7.06014,7.071605,-1.0,-1.0,-1
2024-09-20,7.07247,7.0736,7.038515,7.042125,-1.0,-1.0,-1
2024-09-23,7.04472,7.065015,7.04002,7.060345,-1.0,-1.0,-1
2024-09-24,7.05982,7.069525,7.01009,7.011505,-1.0,-1.0,-1
2024-09-25,7.01098,7.035795,6.995025,7.03276,-1.0,-1.0,-1
2024-09-26,7.03235,7.035615,6.971335,6.972885,-1.0,-1.0,-1
2024-09-27,6.97348,7.00429,6.97198,6.98103,-1.0,-1.0,-1
2024-09-30,6.978875,7.014025,6.973495,7.00742,-1.0,-1.0,-1
2024-10-01,7.008075,7.035455,7.00108,7.0301,-1.0,-1.0,-1
2024-10-02,7.0295,7.039045,7.006195,7.036535,-1.0,-1.0,-1
2024-10-03,7.03655,7.05522,7.035425,7.051775,-1.0,-1.0,-1
2024-10-04,7.05153,7.10403,7.047055,7.098535,-1.0,-1.0,-1
2024-10-07,7.09962,7.101245,7.05806,7.070705,-1.0,-1.0,-1
2024-10-08,7.069875,7.084555,7.046255,7.074005,-1.0,-1.0,-1
2024-10-09,7.07225,7.09856,7.0537,7.09229,-1.0,-1.0,-1
2024-10-10,7.09235,7.09563,7.068295,7.084745,-1.0,-1.0,-1
2024-10-11,7.08502,7.088795,7.066205,7.0702,-1.0,-1.0,-1
2024-10-14,7.07968,7.100265,7.07765,7.095675,-1.0,-1.0,-1
2024-10-15,7.095525,7.143405,7.09101,7.13708,-1.0,-1.0,-1
2024-10-16,7.136225,7.141925,7.121135,7.136855,-1.0,-1.0,-1
2024-10-17,7.133775,7.14747,7.125725,7.136425,-1.0,-1.0,-1
2024-10-18,7.13705,7.13946,7.109345,7.117375,-1.0,-1.0,-1
2024-10-21,7.118195,7.138055,7.10808,7.13551,-1.0,-1.0,-1
2024-10-22,7.136055,7.13902,7.129825,7.135975,-1.0,-1.0,-1
2024-10-23,7.134825,7.146735,7.133175,7.13598,-1.0,-1.0,-1
2024-10-24,7.135,7.13807,7.11635,7.12381,-1.0,-1.0,-1
2024-10-25,7.1239,7.13814,7.123335,7.13388,-1.0,-1.0,-1
2024-10-28,7.13333,7.149855,7.13333,7.14496,-1.0,-1.0,-1
2024-10-29,7.144955,7.16421,7.14082,7.14296,-1.0,-1.0,-1
2024-10-30,7.143095,7.152395,7.1234,7.12527,-1.0,-1.0,-1
2024-10-31,7.124975,7.13494,7.12015,7.12158,-1.0,-1.0,-1
2024-11-01,7.1215,7.139865,7.11449,7.138075,-1.0,-1.0,-1
2024-11-04,7.11147,7.118455,7.08682,7.111865,-1.0,-1.0,-1
2024-11-05,7.1099,7.117495,7.100675,7.102,-1.0,-1.0,-1
2024-11-06,7.10108,7.20973,7.090725,7.20372,-1.0,-1.0,-1
2024-11-07,7.2037,7.21322,7.14151,7.14941,-1.0,-1.0,-1
2024-11-08,7.14725,7.209395,7.14683,7.200595,-1.0,-1.0,-1
2024-11-11,7.19948,7.23353,7.186425,7.22787,-1.0,-1.0,-1
2024-11-12,7.227455,7.25564,7.22325,7.244235,-1.0,-1.0,-1
2024-11-13,7.242275,7.249335,7.21273,7.243335,-1.0,-1.0,-1
2024-11-14,7.243755,7.26658,7.236425,7.253265,-1.0,-1.0,-1
2024-11-15,7.25398,7.257975,7.23055,7.23775,-1.0,-1.0,-1
2024-11-18,7.24005,7.25328,7.22522,7.22798,-1.0,-1.0,-1
2024-11-19,7.23095,7.248735,7.224895,7.235125,-1.0,-1.0,-1
2024-11-20,7.235775,7.256175,7.2318,7.25112,-1.0,-1.0,-1
2024-11-21,7.25142,7.259845,7.240145,7.255095,-1.0,-1.0,-1
2024-11-22,7.255745,7.267275,7.25049,7.259595,-1.0,-1.0,-1
2024-11-25,7.24373,7.257915,7.23607,7.24687,-1.0,-1.0,-1
2024-11-26,7.247025,7.27289,7.24414,7.25755,-1.0,-1.0,-1
2024-11-27,7.257375,7.269825,7.242185,7.24476,-1.0,-1.0,-1
2024-11-28,7.244845,7.25966,7.24115,7.249605,-1.0,-1.0,-1
2024-11-29,7.249195,7.25513,7.228165,7.248,-1.0,-1.0,-1
2024-12-02,7.25642,7.295755,7.25226,7.286045,-1.0,-1.0,-1
2024-12-03,7.284075,7.31491,7.28315,7.299795,-1.0,-1.0,-1
2024-12-04,7.299125,7.30646,7.26707,7.27752,-1.0,-1.0,-1
2024-12-05,7.277825,7.286155,7.26286,7.26352,-1.0,-1.0,-1
2024-12-06,7.263625,7.287145,7.255635,7.28253,-1.0,-1.0,-1
2024-12-09,7.28228,7.29275,7.257215,7.26721,-1.0,-1.0,-1
2024-12-10,7.267525,7.270985,7.24203,7.257995,-1.0,-1.0,-1
2024-12-11,7.259875,7.29239,7.24238,7.279015,-1.0,-1.0,-1
2024-12-12,7.279095,7.284285,7.255465,7.276425,-1.0,-1.0,-1
2024-12-13,7.2758,7.292595,7.274565,7.28109,-1.0,-1.0,-1
2024-12-16,7.281995,7.29497,7.276335,7.29265,-1.0,-1.0,-1
2024-12-17,7.290645,7.29633,7.285045,7.287985,-1.0,-1.0,-1
2024-12-18,7.28747,7.325945,7.284115,7.32465,-1.0,-1.0,-1
2024-12-19,7.324075,7.32706,7.305275,7.309,-1.0,-1.0,-1
2024-12-20,7.30963,7.314075,7.290295,7.29394,-1.0,-1.0,-1
2024-12-23,7.2919,7.31355,7.28524,7.30755,-1.0,-1.0,-1
2024-12-24,7.308125,7.309695,7.297425,7.30689,-1.0,-1.0,-1
2024-12-26,7.30269,7.31144,7.30125,7.303395,-1.0,-1.0,-1
2024-12-27,7.303225,7.309885,7.2947,7.300735,-1.0,-1.0,-1
2024-12-30,7.3016,7.319475,7.297745,7.315205,-1.0,-1.0,-1
2024-12-31,7.31495,7.370065,7.30525,7.337515,-1.0,-1.0,-1
2025-01-02,7.332955,7.34468,7.3161,7.34025,-1.0,-1.0,-1
2025-01-03,7.340225,7.363035,7.32431,7.358245,-1.0,-1.0,-1
2025-01-06,7.35543,7.36474,7.313035,7.34628,-1.0,-1.0,-1
2025-01-07,7.34682,7.3503,7.33077,7.34196,-1.0,-1.0,-1
2025-01-08,7.34088,7.36158,7.33929,7.35391,-1.0,-1.0,-1
2025-01-09,7.354275,7.359005,7.343625,7.35629,-1.0,-1.0,-1
2025-01-10,7.35592,7.36461,7.34198,7.36345,-1.0,-1.0,-1
2025-01-13,7.361545,7.363165,7.34711,7.347945,-1.0,-1.0,-1
2025-01-14,7.34662,7.352795,7.33413,7.343595,-1.0,-1.0,-1
2025-01-15,7.34545,7.35152,7.335325,7.34913,-1.0,-1.0,-1
2025-01-16,7.34793,7.351995,7.34208,7.34707,-1.0,-1.0,-1
2025-01-17,7.346525,7.357805,7.33294,7.34095,-1.0,-1.0,-1
2025-01-20,7.33688,7.339575,7.259895,7.262985,-1.0,-1.0,-1
2025-01-21,7.26288,7.296515,7.25228,7.267845,-1.0,-1.0,-1
2025-01-22,7.265925,7.289925,7.264785,7.28151,-1.0,-1.0,-1
2025-01-23,7.281225,7.29831,7.27125,7.287555,-1.0,-1.0,-1
2025-01-24,7.285975,7.288295,7.234315,7.244305,-1.0,-1.0,-1
2025-01-27,7.247175,7.27733,7.238485,7.25201,-1.0,-1.0,-1
2025-01-28,7.24956,7.2859,7.248155,7.27506,-1.0,-1.0,-1
2025-01-29,7.27385,7.280715,7.25649,7.266935,-1.0,-1.0,-1
2025-01-30,7.264625,7.294385,7.258935,7.292955,-1.0,-1.0,-1
2025-01-31,7.293105,7.33081,7.27526,7.322255,-1.0,-1.0,-1
2025-02-03,7.399165,7.39917,7.301035,7.3118,-1.0,-1.0,-1
2025-02-04,7.309605,7.336515,7.27456,7.286735,-1.0,-1.0,-1
2025-02-05,7.28725,7.295305,7.268825,7.282695,-1.0,-1.0,-1
2025-02-06,7.280725,7.29978,7.27575,7.28935,-1.0,-1.0,-1
2025-02-07,7.28903,7.311715,7.281545,7.30425,-1.0,-1.0,-1
2025-02-10,7.314625,7.317655,7.3041,7.310855,-1.0,-1.0,-1
2025-02-11,7.3111,7.31544,7.305725,7.31008,-1.0,-1.0,-1
2025-02-12,7.31012,7.324825,7.303775,7.311065,-1.0,-1.0,-1
2025-02-13,7.310225,7.31345,7.267655,7.270435,-1.0,-1.0,-1
2025-02-14,7.2713,7.291115,7.25089,7.261045,-1.0,-1.0,-1
2025-02-17,7.259625,7.26789,7.242625,7.265675,-1.0,-1.0,-1
2025-02-18,7.26543,7.28635,7.262785,7.275655,-1.0,-1.0,-1
2025-02-19,7.275475,7.293245,7.273695,7.28444,-1.0,-1.0,-1
2025-02-20,7.28412,7.28565,7.23144,7.23589,-1.0,-1.0,-1
2025-02-21,7.236055,7.26,7.23335,7.25246,-1.0,-1.0,-1
2025-02-24,7.247655,7.255285,7.22586,7.253055,-1.0,-1.0,-1
2025-02-25,7.253955,7.270285,7.24743,7.255,-1.0,-1.0,-1
2025-02-26,7.254305,7.26795,7.247655,7.265695,-1.0,-1.0,-1
2025-02-27,7.265975,7.302575,7.26221,7.301135,-1.0,-1.0,-1
2025-02-28,7.30067,7.302065,7.284265,7.293995,-1.0,-1.0,-1
2025-03-03,7.29168,7.30739,7.28483,7.30282,-1.0,-1.0,-1
2025-03-04,7.302575,7.306775,7.248555,7.2532,-1.0,-1.0,-1
2025-03-05,7.2534,7.27705,7.23307,7.236465,-1.0,-1.0,-1
2025-03-06,7.23625,7.253675,7.23544,7.24365,-1.0,-1.0,-1
2025-03-07,7.243295,7.25359,7.227925,7.24365,-1.0,-1.0,-1
2025-03-10,7.245005,7.26966,7.235705,7.26369,-1.0,-1.0,-1
2025-03-11,7.26345,7.26401,7.22514,7.226625,-1.0,-1.0,-1
2025-03-12,7.226625,7.250225,7.215625,7.24117,-1.0,-1.0,-1
2025-03-13,7.242195,7.253495,7.230245,7.2482,-1.0,-1.0,-1
2025-03-14,7.247355,7.25441,7.23087,7.23733,-1.0,-1.0,-1
2025-03-17,7.236795,7.24473,7.225135,7.227255,-1.0,-1.0,-1
2025-03-18,7.227485,7.23735,7.22142,7.227885,-1.0,-1.0,-1
2025-03-19,7.22777,7.24127,7.22619,7.23139,-1.0,-1.0,-1
2025-03-20,7.229505,7.254995,7.2263,7.252165,-1.0,-1.0,-1
2025-03-21,7.25207,7.260235,7.24648,7.257175,-1.0,-1.0,-1
2025-03-24,7.257675,7.267805,7.24758,7.264315,-1.0,-1.0,-1
2025-03-25,7.2644,7.27143,7.261005,7.26582,-1.0,-1.0,-1
2025-03-26,7.26587,7.28227,7.26478,7.279345,-1.0,-1.0,-1
2025-03-27,7.277925,7.281895,7.26557,7.268295,-1.0,-1.0,-1
2025-03-28,7.26647,7.276785,7.26587,7.270635,-1.0,-1.0,-1
2025-03-31,7.2706,7.27449,7.253095,7.266355,-1.0,-1.0,-1
2025-04-01,7.265555,7.283985,7.26326,7.27975,-1.0,-1.0,-1
2025-04-02,7.28075,7.29771,7.26722,7.295975,-1.0,-1.0,-1
2025-04-03,7.308625,7.348615,7.27446,7.280105,-1.0,-1.0,-1
2025-04-04,7.280375,7.300495,7.239225,7.29657,-1.0,-1.0,-1
2025-04-07,7.303075,7.349565,7.292785,7.34521,-1.0,-1.0,-1
2025-04-08,7.34384,7.429495,7.33643,7.426285,-1.0,-1.0,-1
2025-04-09,7.42483,7.42774,7.342925,7.34901,-1.0,-1.0,-1
2025-04-10,7.347495,7.371875,7.29912,7.30928,-1.0,-1.0,-1
2025-04-11,7.312455,7.336785,7.278795,7.28383,-1.0,-1.0,-1
2025-04-14,7.279875,7.32505,7.278975,7.312175,-1.0,-1.0,-1
2025-04-15,7.31168,7.330365,7.307245,7.328035,-1.0,-1.0,-1
2025-04-16,7.329025,7.33472,7.29543,7.29855,-1.0,-1.0,-1
2025-04-17,7.29872,7.316385,7.29512,7.301195,-1.0,-1.0,-1
2025-04-18,7.3016,7.309855,7.29155,7.305375,-1.0,-1.0,-1
2025-04-21,7.297895,7.299815,7.28327,7.292465,-1.0,-1.0,-1
2025-04-22,7.29355,7.32141,7.29201,7.312785,-1.0,-1.0,-1
2025-04-23,7.31126,7.316435,7.2763,7.284355,-1.0,-1.0,-1
2025-04-24,7.287225,7.30385,7.2865,7.28933,-1.0,-1.0,-1
2025-04-25,7.28835,7.2986,7.2816,7.287725,-1.0,-1.0,-1
2025-04-28,7.289155,7.3026,7.28275,7.28466,-1.0,-1.0,-1
2025-04-29,7.28285,7.288725,7.256575,7.268035,-1.0,-1.0,-1
2025-04-30,7.268475,7.276165,7.25982,7.269165,-1.0,-1.0,-1
2025-05-01,7.269805,7.287195,7.268905,7.27837,-1.0,-1.0,-1
2025-05-02,7.27825,7.27912,7.20898,7.21155,-1.0,-1.0,-1
2025-05-05,7.214995,7.217435,7.18449,7.20135,-1.0,-1.0,-1
2025-05-06,7.202055,7.235245,7.20004,7.210255,-1.0,-1.0,-1
2025-05-07,7.209975,7.229795,7.188905,7.228595,-1.0,-1.0,-1
2025-05-08,7.227955,7.246705,7.216305,7.243215,-1.0,-1.0,-1
2025-05-09,7.24273,7.2529,7.234115,7.240515,-1.0,-1.0,-1
2025-05-12,7.2254,7.229915,7.19212,7.200435,-1.0,-1.0,-1
2025-05-13,7.200675,7.2042,7.178745,7.198145,-1.0,-1.0,-1
2025-05-14,7.19988,7.215915,7.19114,7.210815,-1.0,-1.0,-1
2025-05-15,7.210555,7.215695,7.203005,7.20527,-1.0,-1.0,-1
2025-05-16,7.20615,7.2136,7.195125,7.21047,-1.0,-1.0,-1
2025-05-19,7.21053,7.21814,7.20397,7.21458,-1.0,-1.0,-1
2025-05-20,7.214525,7.22635,7.212955,7.21651,-1.0,-1.0,-1
2025-05-21,7.217,7.22001,7.19901,7.20405,-1.0,-1.0,-1
2025-05-22,7.20218,7.207965,7.1939,7.204795,-1.0,-1.0,-1
2025-05-23,7.204725,7.205345,7.17134,7.171805,-1.0,-1.0,-1
