date,open,high,low,close,volume,average,barCount,returns,volatility
2023-05-25,0.05616149124484473,0.05632934868908931,0.0559300695154834,0.056007348164079124,-1.0,-1.0,-1,,
2023-05-26,0.056027823417108935,0.05676628582165509,0.05597927199516563,0.05673599521602088,-1.0,-1.0,-1,0.013009847383009587,
2023-05-29,0.05670001383480338,0.05703008422487989,0.0566931990838379,0.05685062866846447,-1.0,-1.0,-1,0.002020471342877306,
2023-05-30,0.05685371539030076,0.05700848001140169,0.056519144164511405,0.05662882917064248,-1.0,-1.0,-1,-0.003901443185711506,
2023-05-31,0.056594120550004304,0.05670242510601937,0.05626755899512892,0.056529591828082204,-1.0,-1.0,-1,-0.0017524173466705317,
2023-06-01,0.05653087009488706,0.05700947126850919,0.056408594526279214,0.056975658004752336,-1.0,-1.0,-1,0.007890843755368193,
2023-06-02,0.05693486594401139,0.0574039796456969,0.056905981928367315,0.05695516546329894,-1.0,-1.0,-1,-0.00035967186990071287,
2023-06-05,0.05702180799046595,0.05794550167621851,0.056824623018347814,0.05724360588922217,-1.0,-1.0,-1,0.005064341813019402,
2023-06-06,0.057241312199840876,0.057568568482705536,0.057149764100061236,0.05751719548455505,-1.0,-1.0,-1,0.00477939135878902,
2023-06-07,0.05747910993598264,0.05778467983675828,0.05747101664791674,0.057593916239439796,-1.0,-1.0,-1,0.0013338751001055194,
2023-06-08,0.05760212713135071,0.057701956125163614,0.057326465622751725,0.05753276490961603,-1.0,-1.0,-1,-0.0010617671764069359,
2023-06-09,0.05752326672330791,0.057940129884389166,0.05750801661751648,0.05786283614691374,-1.0,-1.0,-1,0.005737100203966339,
2023-06-12,0.057809917522590674,0.05799875302680992,0.05768383260613248,0.05786233393510161,-1.0,-1.0,-1,-8.679350090190496e-06,
2023-06-13,0.0578614969347872,0.05814950820053439,0.05773275392741491,0.05806002303241113,-1.0,-1.0,-1,0.003416542055342031,
2023-06-14,0.05806054553688586,0.058550614664352754,0.057979383690747247,0.058446976172628985,-1.0,-1.0,-1,0.006664708692964982,
2023-06-15,0.058434766348586756,0.05846944532960688,0.05795675209202141,0.05840065712419396,-1.0,-1.0,-1,-0.0007924969171752005,
2023-06-16,0.05839866196985695,0.05874222326391765,0.058175048721603305,0.0585142471951927,-1.0,-1.0,-1,0.0019450135767682397,
2023-06-19,0.05860977611065525,0.05865071679973537,0.058233470211105066,0.058538567110515846,-1.0,-1.0,-1,0.0004156238264847456,
2023-06-20,0.058568583811643427,0.05857246028347899,0.05799189157372016,0.058112691550327486,-1.0,-1.0,-1,-0.00727512785518547,
2023-06-21,0.05811184729136321,0.058461839764866484,0.05794348713755986,0.05840439201027917,-1.0,-1.0,-1,0.005019565471323428,
2023-06-22,0.058386745041140754,0.058435193179444254,0.05810934842859247,0.05820889484301207,-1.0,-1.0,-1,-0.0033473024979473465,
2023-06-23,0.0582034910453929,0.05834984877177945,0.057918015311785705,0.05822501055328316,-1.0,-1.0,-1,0.0002768599251807835,
2023-06-26,0.058247886111403156,0.05844115238939574,0.05822434948117738,0.058353798496747794,-1.0,-1.0,-1,0.0022119007320191564,
2023-06-27,0.058352947217716895,0.058634588074428395,0.058339891709493004,0.05853188568371535,-1.0,-1.0,-1,0.00305185251954887,
2023-06-28,0.05850348095711695,0.05866816231368458,0.05839719553308172,0.05850743439341979,-1.0,-1.0,-1,-0.00041774308156905526,
2023-06-29,0.05853849857531929,0.05858680425972936,0.05829724248213336,0.05839023948756726,-1.0,-1.0,-1,-0.002003077165620981,
2023-06-30,0.058431693350473296,0.058668299992138455,0.05823419931469995,0.05838923372597173,-1.0,-1.0,-1,-1.7224823949280044e-05,
2023-07-03,0.05837372551915403,0.05869338546088541,0.058310176904330206,0.05860531081326589,-1.0,-1.0,-1,0.003700632351303579,
2023-07-04,0.05865155958895814,0.05876502364557639,0.058602408734806224,0.058648033795342995,-1.0,-1.0,-1,0.0007289950600761763,
2023-07-05,0.05862554748933161,0.0588886359949132,0.05856345599351585,0.05880139241697244,-1.0,-1.0,-1,0.0026148979207827328,
2023-07-06,0.05879050298214826,0.058830346810777485,0.05753099410393608,0.05800718070889995,-1.0,-1.0,-1,-0.013506681992163871,0.07621360943835205
2023-07-07,0.05799873620753803,0.0585753593964395,0.05748480963905288,0.05832211361672632,-1.0,-1.0,-1,0.005429205556581218,0.06879579450850899
2023-07-10,0.058400964083115084,0.05872064738339327,0.05822733289992789,0.05864466318903813,-1.0,-1.0,-1,0.005530484962042115,0.07002111481016476
2023-07-11,0.058623502572545845,0.058677284908143654,0.058407359794592995,0.05867564951743679,-1.0,-1.0,-1,0.0005283742239046152,0.06846117666758725
2023-07-12,0.058626355184841564,0.05949324840870433,0.05859863131176845,0.059163388275413856,-1.0,-1.0,-1,0.008312456052695705,0.07087034633955823
2023-07-13,0.05920086527984693,0.059432449820439714,0.058953330774758776,0.05937854415685436,-1.0,-1.0,-1,0.0036366389368864827,0.06858753531452043
2023-07-14,0.05934101799516371,0.059824427270845526,0.05910827483338116,0.059694364851957976,-1.0,-1.0,-1,0.005318767908309541,0.06930176886204296
2023-07-17,0.05968547545002103,0.05985391455075597,0.05917804068608653,0.05976643278069305,-1.0,-1.0,-1,0.0012072819421700132,0.06851191856990539
2023-07-18,0.059745989923838796,0.05990712598258919,0.05958445798997789,0.05969505972639963,-1.0,-1.0,-1,-0.001194199669826701,0.06817431884640725
2023-07-19,0.05968636605230495,0.0598540757632891,0.059569727855698286,0.05978660367550104,-1.0,-1.0,-1,0.0015335263842766178,0.06817894574865836
2023-07-20,0.05978320815227739,0.05987222668103999,0.05911783188898617,0.05919138646944097,-1.0,-1.0,-1,-0.009955695247227614,0.07530577754610703
2023-07-21,0.059174486328474614,0.05930702118031648,0.058647758629284584,0.05886388579935244,-1.0,-1.0,-1,-0.005532910945710068,0.07617057816177038
2023-07-24,0.05897180882165185,0.05947817418659136,0.0587846623761701,0.05939915968008801,-1.0,-1.0,-1,0.009093417355424682,0.08002670397393076
2023-07-25,0.05940268814984685,0.059520443784428854,0.05902393302436272,0.05906901328166764,-1.0,-1.0,-1,-0.005558098804738565,0.0817693237679297
2023-07-26,0.05913503188856594,0.059463637985371944,0.058878424884377493,0.059370083414967204,-1.0,-1.0,-1,0.005096921661174925,0.08087816901511172
2023-07-27,0.05937043589774037,0.059868230025713405,0.05914237639982613,0.059266810289903604,-1.0,-1.0,-1,-0.0017394808820087038,0.08105960789223503
2023-07-28,0.059268215345133636,0.0601480242877722,0.05900366412754232,0.059878984572179626,-1.0,-1.0,-1,0.010329124838700965,0.08585550416181435
2023-07-31,0.059965519826099996,0.060006180636605566,0.05956830846852858,0.05971842761380093,-1.0,-1.0,-1,-0.0026813573998596407,0.0864378740253365
2023-08-01,0.05971539642065914,0.059764289641653326,0.05914062754119884,0.05927734982824388,-1.0,-1.0,-1,-0.0073859577885991845,0.0865270563707498
2023-08-02,0.059250305879704104,0.05940235292719945,0.05855109461271378,0.05871956124743836,-1.0,-1.0,-1,-0.009409809689902127,0.09025869388702897
2023-08-03,0.05876390133540966,0.058844124855464114,0.05738288153877935,0.05773405385432544,-1.0,-1.0,-1,-0.016783289455452377,0.10242176876379248
2023-08-04,0.05768709366653398,0.05879015735185615,0.057377119725966874,0.05855332304746625,-1.0,-1.0,-1,0.014190397840553315,0.11065452089865374
2023-08-07,0.0585098135584791,0.05874301692386318,0.05830665803728127,0.058602563276117695,-1.0,-1.0,-1,0.0008409467830121642,0.11051034554694608
2023-08-08,0.05860033109187067,0.05864896249985338,0.05785781442106024,0.05847713836275708,-1.0,-1.0,-1,-0.0021402632640769026,0.1103563011993041
2023-08-09,0.0584107031772502,0.05865498259413391,0.05817623326342489,0.058620598692174446,-1.0,-1.0,-1,0.0024532720552674636,0.11057710900573442
2023-08-10,0.05861046313987973,0.05913153514334963,0.05833437849094796,0.058362636240278966,-1.0,-1.0,-1,-0.004400542772517224,0.11118769082957686
2023-08-11,0.058369279081034064,0.05899043765005693,0.05836468003023291,0.05878341837334524,-1.0,-1.0,-1,0.0072097862634907806,0.1131294145993402
2023-08-14,0.058789811725627944,0.05894314933246884,0.058355824640746956,0.058650510406066815,-1.0,-1.0,-1,-0.0022609771761537,0.11286796332536465
2023-08-15,0.05859895752454564,0.05868854575652469,0.058176910166124175,0.05831515844228549,-1.0,-1.0,-1,-0.005717801285266111,0.1140711857484972
2023-08-16,0.058352759939663254,0.05870887443345936,0.058245528199572474,0.05833437849094796,-1.0,-1.0,-1,0.00032958923847381527,0.11377920404069956
2023-08-17,0.058346801720063714,0.05861699072093037,0.05810727183453373,0.05845543211716806,-1.0,-1.0,-1,0.0020751678401593754,0.10673695899102571
2023-08-18,0.05842776721208987,0.05876580065465102,0.0583571868334515,0.058628503419507455,-1.0,-1.0,-1,0.0029607394226851547,0.10593864172498821
2023-08-21,0.05865618676129865,0.05883114285378107,0.05854619265327247,0.05876873620771222,-1.0,-1.0,-1,0.0023918875636539383,0.1049513029187537
2023-08-22,0.05876303804906714,0.05919261276192732,0.05871990604815032,0.059134000305722786,-1.0,-1.0,-1,0.006215279102133042,0.10644063172240854
2023-08-23,0.05912426323777472,0.05959052963466834,0.0590859754119622,0.05954099844300289,-1.0,-1.0,-1,0.0068826417150187336,0.10558034673638952
2023-08-24,0.059533483714913196,0.05965522857199104,0.059316255590186356,0.05939741324265328,-1.0,-1.0,-1,-0.002411534977651675,0.10534121034012275
2023-08-25,0.059453915783528294,0.05974995242410038,0.05936217127826641,0.05971787484387508,-1.0,-1.0,-1,0.005395211402769773,0.10537477629873541
2023-08-28,0.05967363296657919,0.05990176111177669,0.059540643932064125,0.05956722623126201,-1.0,-1.0,-1,-0.0025226720308939576,0.10556837013503868
2023-08-29,0.0595566188397239,0.05968139683115656,0.05921352010461845,0.05953816247369157,-1.0,-1.0,-1,-0.00048791524147195897,0.10552400623668413
2023-08-30,0.05954296605544819,0.05978258270322491,0.0595036384987351,0.05973519388550556,-1.0,-1.0,-1,0.0033093297412571943,0.10588286340811086
2023-08-31,0.05967475468454284,0.059847144408466335,0.05843440781548517,0.05869081911254786,-1.0,-1.0,-1,-0.017483408105437026,0.11396802867812676
2023-09-01,0.058773416431107714,0.058918335945870544,0.05813294423015995,0.05850758843421992,-1.0,-1.0,-1,-0.003121964918849862,0.11321006717245882
2023-09-04,0.0585480093676815,0.05866907444548192,0.05815586586233227,0.05819959551281119,-1.0,-1.0,-1,-0.0052641534141337765,0.11061066121642628
2023-09-05,0.058203220034945206,0.05823957489769491,0.05728065804019957,0.05740477050864357,-1.0,-1.0,-1,-0.013656881927859077,0.11608450154479205
2023-09-06,0.057425686854284036,0.057486808933105184,0.05657495771729098,0.05691015963015225,-1.0,-1.0,-1,-0.008616198168004963,0.11670371515022032
2023-09-07,0.0568838891742564,0.05739752174720352,0.056469275490725064,0.056830306693274615,-1.0,-1.0,-1,-0.0014031402722569641,0.11669886772853155
2023-09-08,0.056802786971939995,0.05734354316004783,0.05674335152336039,0.05683531314410394,-1.0,-1.0,-1,8.809473537318979e-05,0.11143154873113457
2023-09-11,0.0568974664980605,0.05789328646292861,0.05683306820707015,0.057886114857629095,-1.0,-1.0,-1,0.018488535654952454,0.1257993835832282
2023-09-12,0.05784432703331486,0.05807603953932924,0.05753241735971655,0.058031821749456314,-1.0,-1.0,-1,0.00251713026838285,0.12470587239781143
2023-09-13,0.05802794916171374,0.058522465750458455,0.05782434179274541,0.05829578113431931,-1.0,-1.0,-1,0.004548528323005341,0.1227594912451234
2023-09-14,0.05832418858659787,0.05857350667576899,0.058115815521804476,0.05844671997007528,-1.0,-1.0,-1,0.0025891896946743653,0.11244236620904743
2023-09-15,0.05845806335451074,0.05864798220151036,0.058385995068134994,0.05853772756541591,-1.0,-1.0,-1,0.0015571035532402355,0.10470645329286721
2023-09-18,0.05853609994453705,0.05871894061636097,0.058202305393316625,0.058356999528183656,-1.0,-1.0,-1,-0.0030873770600386985,0.10505467967416963
2023-09-19,0.058354462511634425,0.05863460526450803,0.05833405521726664,0.05853772756541591,-1.0,-1.0,-1,0.003096938476848443,0.10527530492984537
2023-09-20,0.058534301100444865,0.058828252974430006,0.058483448160710175,0.05850384033833941,-1.0,-1.0,-1,-0.0005788955001478913,0.10504180108682772
2023-09-21,0.05854055470102607,0.058592777268346136,0.0579677044528182,0.05802498613928143,-1.0,-1.0,-1,-0.008185004544807306,0.10696044918739826
2023-09-22,0.05802602989675139,0.05847561669116308,0.058020188704861746,0.05819231395917227,-1.0,-1.0,-1,0.002883720118247002,0.10508469457464478
2023-09-25,0.058092689209341075,0.058234351920088495,0.057296690571800916,0.05748664369692007,-1.0,-1.0,-1,-0.012126520054646761,0.11042598672612998
2023-09-26,0.05751703007364194,0.05759230751067041,0.056927362677680976,0.05698978258682892,-1.0,-1.0,-1,-0.008643070427118427,0.1119093492400558
2023-09-27,0.05701719125333479,0.05721951494444986,0.05612601412691776,0.05659167044180268,-1.0,-1.0,-1,-0.006985675799336177,0.11330038961434113
2023-09-28,0.05657126112049566,0.05701644354231761,0.05637542651533623,0.057004905272098665,-1.0,-1.0,-1,0.0073020433408295116,0.1155185168266244
2023-09-29,0.056958879960584456,0.05763987757290003,0.05693682716683772,0.057409565581817236,-1.0,-1.0,-1,0.007098692784191618,0.117301513608268
2023-10-02,0.05738098824407003,0.0575413556916025,0.056438775357589024,0.056576286049702273,-1.0,-1.0,-1,-0.014514646186050917,0.12353092966352447
2023-10-03,0.056566429068809106,0.056809611959105034,0.05531478259907569,0.055332703093845095,-1.0,-1.0,-1,-0.021980639640514554,0.13522594926560755
2023-10-04,0.05533913342790791,0.056091525664256875,0.054894654413447874,0.05567418797109062,-1.0,-1.0,-1,0.006171483736595373,0.1348270466850158
2023-10-05,0.055644494005140446,0.055767751851349946,0.054418599842077225,0.054746388722900885,-1.0,-1.0,-1,-0.01666480072725085,0.14119859596386572
2023-10-06,0.05476985160656405,0.055236655928660755,0.05407650311048046,0.055079576217740574,-1.0,-1.0,-1,0.006086017774179053,0.14155547227635795
2023-10-09,0.05475208393275459,0.05507138628447125,0.05428875755835227,0.05494339456774658,-1.0,-1.0,-1,-0.0024724527555485265,0.14155594848438138
2023-10-10,0.05495562333415767,0.055809535449798345,0.054636046076763096,0.05572876364901914,-1.0,-1.0,-1,0.014294149232155329,0.1497642066312418
2023-10-11,0.055726589747254834,0.056224786697215465,0.05567672977160014,0.05607186843521078,-1.0,-1.0,-1,0.006156691154186156,0.15089067226453784
2023-10-12,0.05606495236861809,0.05632495443311186,0.055294305322436295,0.05561101209261458,-1.0,-1.0,-1,-0.008219029532228084,0.14493525387837355
2023-10-13,0.055607069326723504,0.056047528304001795,0.05521844693700514,0.05527167409610086,-1.0,-1.0,-1,-0.006101992820209401,0.1454360148102254
2023-10-16,0.055235176190545895,0.055951474405277785,0.05522366135083702,0.055912619757842445,-1.0,-1.0,-1,0.011596277337776462,0.1501342929944124
2023-10-17,0.05592409534387167,0.0559534623862641,0.0553082814472518,0.05547656309377259,-1.0,-1.0,-1,-0.0077988952397225475,0.14686635159245012
2023-10-18,0.05551237926057511,0.055671878853537866,0.05461942414194933,0.054799910456946314,-1.0,-1.0,-1,-0.012197090069954841,0.14881328947885802
2023-10-19,0.054820263542934955,0.05506497253772157,0.05435402953597965,0.054560716665925546,-1.0,-1.0,-1,-0.004364857333274186,0.14909293283418673
2023-10-20,0.05458397594593348,0.05500680159101674,0.054153535562491424,0.054833730420931134,-1.0,-1.0,-1,0.005003852069562109,0.15017171941687973
2023-10-23,0.05485462017152492,0.055319984621044274,0.05442345694533109,0.055096403554709766,-1.0,-1.0,-1,0.004790356807064189,0.13947126353008876
2023-10-24,0.05507819589166229,0.05530205707061686,0.05450584861382089,0.054782063256848444,-1.0,-1.0,-1,-0.005705277977884449,0.13939409520907042
2023-10-25,0.05479378496014711,0.05483281338118044,0.05435999799955208,0.054565628946629634,-1.0,-1.0,-1,-0.003950824363880723,0.13815821675627732
2023-10-26,0.0545623093388303,0.05517529051859532,0.054272699692328064,0.05508306526241573,-1.0,-1.0,-1,0.009482825100251224,0.1416208494100776
2023-10-27,0.05509163805344715,0.05555379635200441,0.055011446506731884,0.05520226108461402,-1.0,-1.0,-1,0.002163928634516754,0.14176173330020803
2023-10-30,0.05517087661833422,0.05566269077343587,0.05513627481683729,0.05540242939652904,-1.0,-1.0,-1,0.0036260890040029636,0.1426120436813659
2023-10-31,0.05539360619300517,0.05578778771854168,0.05521116060484931,0.05541933175923958,-1.0,-1.0,-1,0.0003050834213345066,0.14202585853544786
2023-11-01,0.05537825284934956,0.05633372776331722,0.05530887795985461,0.05627557021221517,-1.0,-1.0,-1,0.015450176423912554,0.15055017684082916
2023-11-02,0.056273210940975316,0.057106977644616995,0.056200740051345,0.057093283860099764,-1.0,-1.0,-1,0.014530526208814898,0.15576233714622104
2023-11-03,0.0570395991713287,0.05785952171004974,0.05693922620160985,0.057217828846597284,-1.0,-1.0,-1,0.002181429724776418,0.15564330114639113
2023-11-06,0.057269438965668114,0.05745259227532661,0.056868911472165516,0.05698202131754399,-1.0,-1.0,-1,-0.004121224691791436,0.1521441634836207
2023-11-07,0.05696072927960911,0.057304160167419835,0.056832777508769305,0.05721345855070872,-1.0,-1.0,-1,0.004061583422515058,0.1505003671532409
2023-11-08,0.05721422780531372,0.057256945696940134,0.05688942289093842,0.05702227945991918,-1.0,-1.0,-1,-0.003341505576351378,0.14936016659764914
2023-11-09,0.05703302782641428,0.057230976494951805,0.05588303011201195,0.056114990839227746,-1.0,-1.0,-1,-0.015911125077508803,0.15494582116417532
2023-11-10,0.056107355814615685,0.05675702290117496,0.055739651237002204,0.05661594067102345,-1.0,-1.0,-1,0.008927201525006812,0.15581101293482708
2023-11-13,0.05670758591553689,0.056902533357687614,0.05641133111843643,0.056782547543317276,-1.0,-1.0,-1,0.002942755526432528,0.15019966281821504
2023-11-14,0.05679027069082525,0.05766881319600851,0.056722623534783724,0.057650461218102356,-1.0,-1.0,-1,0.015284866782755424,0.14100628784025937
2023-11-15,0.05759885908179931,0.05783126398612975,0.05741686683621867,0.05780737772438946,-1.0,-1.0,-1,0.002721860380153096,0.14034630076044757
2023-11-16,0.05778265977049883,0.058073510029730734,0.05769175296391381,0.05804436911575208,-1.0,-1.0,-1,0.004099673790645353,0.12976435048564158
2023-11-17,0.05799421217762468,0.05817658863537794,0.05793021147423699,0.05802717470618665,-1.0,-1.0,-1,-0.0002962287268750696,0.12932886961502407
2023-11-20,0.05802961599481912,0.058541719903043195,0.05796066557391492,0.05839971921415001,-1.0,-1.0,-1,0.006420173131807427,0.12936134299352128
2023-11-21,0.0584214523573056,0.058597738537476615,0.057907215847120316,0.05815627171773272,-1.0,-1.0,-1,-0.004168641556726915,0.12519824726004086
2023-11-22,0.058132775258690844,0.05828794887913732,0.057966377182579014,0.058129733940207755,-1.0,-1.0,-1,-0.0004563184114306784,0.12450411314354157
2023-11-23,0.0581744395474494,0.05832519210860151,0.05812368604142243,0.05816927900051218,-1.0,-1.0,-1,0.000680289717911009,0.12126345087997373
2023-11-24,0.05817845017844785,0.05853298201837526,0.05816689361449658,0.05840898026389762,-1.0,-1.0,-1,0.004120753557618206,0.11927697536389285
2023-11-27,0.05841061788211861,0.05870766810206914,0.058101313002521894,0.058261138073071116,-1.0,-1.0,-1,-0.002531155143584707,0.11625522962208709
2023-11-28,0.05823647152207424,0.05846101950756529,0.05808956772357731,0.058333885074663,-1.0,-1.0,-1,0.0012486368100232959,0.11294561418918186
2023-11-29,0.05834797624420495,0.05842669188362688,0.05772507222128098,0.05787080574101541,-1.0,-1.0,-1,-0.007938427777523849,0.10899771245219853
2023-11-30,0.05784651872419503,0.05794662652124382,0.05714875162838225,0.05752364725233985,-1.0,-1.0,-1,-0.005998853553710215,0.1099053508832691
2023-12-01,0.057554967151941375,0.058274328147986484,0.057477920575285016,0.05818335845399834,-1.0,-1.0,-1,0.011468521784867569,0.11309999997786423
2023-12-04,0.05817765477728721,0.05818281681052853,0.05701550080420363,0.057286400494954495,-1.0,-1.0,-1,-0.015416056805194756,0.12346029139594024
2023-12-05,0.057259486537006375,0.05761296245564882,0.056930765641941355,0.05752401124134227,-1.0,-1.0,-1,0.004147768830556897,0.12187424542675052
2023-12-06,0.05750829772850851,0.058004674016632264,0.05750829772850851,0.0578725472891052,-1.0,-1.0,-1,0.006058966338432947,0.121323056471988
2023-12-07,0.05782628117740091,0.057883635370142704,0.057008171266228445,0.057231500561297936,-1.0,-1.0,-1,-0.011076870776136505,0.12487275871960428
2023-12-08,0.0572397558724412,0.057778970592526235,0.05706659986070042,0.0576727876718649,-1.0,-1.0,-1,0.007710563347789856,0.12623122516189006
2023-12-11,0.05763838255170883,0.05766909588121551,0.05725161886108782,0.05752078513570878,-1.0,-1.0,-1,-0.0026356023749181112,0.1266148851438675
2023-12-12,0.05747332878336148,0.057810870004454326,0.05734477629229321,0.057776600419053685,-1.0,-1.0,-1,0.004447353817256694,0.12690591214150118
2023-12-13,0.057750891529387983,0.05816696128232556,0.05725751941530911,0.05800533010978379,-1.0,-1.0,-1,0.003958863779992772,0.12005175881964733
2023-12-14,0.05799675160194277,0.058337798605668276,0.05747157814942093,0.05816939742902898,-1.0,-1.0,-1,0.0028284869499866083,0.11321900913274906
2023-12-15,0.05813938277487065,0.05823469104603773,0.05765451626563626,0.0581122525326046,-1.0,-1.0,-1,-0.0009823876290637745,0.11321779660568501
2023-12-18,0.057989587969480075,0.058297531361885715,0.05780264961565573,0.05826658653068799,-1.0,-1.0,-1,0.0026557910140687646,0.11249379581626257
2023-12-19,0.05827453190253818,0.0587226990831625,0.05824244115038141,0.05858471056223747,-1.0,-1.0,-1,0.005459802100847844,0.1129217335002169
2023-12-20,0.05857228874732617,0.05872333703583973,0.05829183925908741,0.058316348696775405,-1.0,-1.0,-1,-0.004580749190131628,0.11337425858404201
2023-12-21,0.05837965515721495,0.05874733066816276,0.058321110200653774,0.058657132927328215,-1.0,-1.0,-1,0.005843716867885096,0.1025729731328085
2023-12-22,0.058712666083454185,0.059062332318347156,0.05864399255338583,0.05886126987303624,-1.0,-1.0,-1,0.003480172581243224,0.10033528290322333
2023-12-26,0.05885517272227538,0.05901860325393168,0.05881505312469674,0.05889002317616862,-1.0,-1.0,-1,0.0004884927422463825,0.10024172863638618
2023-12-27,0.05886716036591826,0.0591473437223671,0.058842064662133285,0.059098214436098126,-1.0,-1.0,-1,0.0035352551875671434,0.09131825194116346
2023-12-28,0.059071822179638,0.0593085336676753,0.05884028158605156,0.05898730593176348,-1.0,-1.0,-1,-0.0018766811382189275,0.09146861296373059
2023-12-29,0.05899757224990191,0.05919238501805219,0.05884698166475169,0.058894098399081725,-1.0,-1.0,-1,-0.0015801286600473086,0.09110930004322823
2024-01-02,0.058940491616746526,0.05914353070318109,0.05857294059005209,0.05873023470657347,-1.0,-1.0,-1,-0.0027823448692239072,0.0915819197594343
2024-01-03,0.05875753087928588,0.0587795484790204,0.058467906965866435,0.05876923700781131,-1.0,-1.0,-1,0.000664092378188208,0.08980583324666595
2024-01-04,0.058747485974772064,0.0589048527584848,0.05851510318699584,0.05877400367043653,-1.0,-1.0,-1,8.110812506534337e-05,0.08883824111227458
2024-01-05,0.0587613288169376,0.05928845552980461,0.058554643046504394,0.059242583569069446,-1.0,-1.0,-1,0.007972570683807412,0.09147868963149414
2024-01-08,0.05925365869122297,0.05957746470482047,0.05913352823744241,0.05940252935970014,-1.0,-1.0,-1,0.0026998449593984564,0.09167186190753068
2024-01-09,0.05944243000653866,0.059462347401034586,0.05886657126357683,0.05894933422621925,-1.0,-1.0,-1,-0.007629222835557337,0.09417069614940776
2024-01-10,0.05896155146709607,0.0589909770351076,0.05874013569558747,0.058915177168247894,-1.0,-1.0,-1,-0.0005794307674498178,0.0938257428095934
2024-01-11,0.058889260218390825,0.05915533866579275,0.05857400415406837,0.059122602837116345,-1.0,-1.0,-1,0.0035207509989503283,0.0942368075905054
2024-01-12,0.059141064746159155,0.05941214651629452,0.059087336992809075,0.059282287134350554,-1.0,-1.0,-1,0.0027009010018408386,0.09098140504839451
2024-01-15,0.059225566492543506,0.059345983523181135,0.05912206104234559,0.05922625049564968,-1.0,-1.0,-1,-0.0009452509579105373,0.08884424845356317
2024-01-16,0.05916216319350257,0.05920440528138818,0.05800605351174448,0.058095389143249875,-1.0,-1.0,-1,-0.019093921072766085,0.10085943617400354
2024-01-17,0.058075803442443244,0.05815946802697785,0.05751668271382114,0.05814580584126951,-1.0,-1.0,-1,0.0008678261521808395,0.08969918280426595
2024-01-18,0.058159315813808767,0.05829946862949317,0.05800893047484661,0.05827774122468342,-1.0,-1.0,-1,0.0022690438545831526,0.08920134823798083
2024-01-19,0.058198647114249186,0.05857546232880222,0.058171241592437736,0.058518390428263914,-1.0,-1.0,-1,0.004129350220570371,0.08831781871059155
2024-01-22,0.05857201429157149,0.0586281940640126,0.05808423666422229,0.05819348227179207,-1.0,-1.0,-1,-0.005552240143551712,0.08340210093234156
2024-01-23,0.05824418817648805,0.0582937931392286,0.057518254136928536,0.057779054052882854,-1.0,-1.0,-1,-0.007121557307288029,0.08344458105154484
2024-01-24,0.05773390385977128,0.058345542138025716,0.05772032424969351,0.05805211919261113,-1.0,-1.0,-1,0.004726023023470471,0.08409194575014349
2024-01-25,0.05806937897121965,0.05824427298624794,0.057909211097026306,0.058124750245213797,-1.0,-1.0,-1,0.0012511352490283123,0.08323467940815786
2024-01-26,0.05811005754348448,0.058379944854304096,0.058073729245175086,0.05826869150369642,-1.0,-1.0,-1,0.0024764193889070807,0.08276461028482154
2024-01-29,0.05824781825515748,0.0583359268514146,0.057909781193682744,0.05805260785376316,-1.0,-1.0,-1,-0.0037084005896983463,0.08310380846103625
2024-01-30,0.05804883358125023,0.05835420711950504,0.05794535058096009,0.05830121907849093,-1.0,-1.0,-1,0.004282516047410478,0.0839887258671351
2024-01-31,0.05826979497772638,0.0584838586012357,0.05805013093207032,0.0581235677989622,-1.0,-1.0,-1,-0.0030471280418605806,0.08411987667720688
2024-02-01,0.05815627171773272,0.05857719507787545,0.057852258060410486,0.05854545571636366,-1.0,-1.0,-1,0.00725846559971477,0.0853002586437435
2024-02-02,0.058533341762134546,0.05869030242525937,0.05820042538690915,0.058343925186751605,-1.0,-1.0,-1,-0.0034422915860184977,0.08483249849978772
2024-02-05,0.05841464408395469,0.05852410973855818,0.0578673899318843,0.058368359212891,-1.0,-1.0,-1,0.0004187929773524779,0.0830397690557326
2024-02-06,0.05839567801907845,0.05879418419688761,0.058368768039597375,0.05868019440748407,-1.0,-1.0,-1,0.005342538299829558,0.08391825176325182
2024-02-07,0.058626544223174835,0.0587977448712932,0.05854852355260731,0.05863718389060647,-1.0,-1.0,-1,-0.0007329647986324961,0.08391986598379256
2024-02-08,0.05865061360271951,0.05869419502672347,0.05823774335733019,0.058319562626608125,-1.0,-1.0,-1,-0.005416720976759382,0.08453100619620735
2024-02-09,0.05830997290044009,0.0585631644723049,0.058222959583659264,0.05841667445555659,-1.0,-1.0,-1,0.001665167305355597,0.08462687030090153
2024-02-12,0.05845507333042812,0.05866638976130699,0.05845507333042812,0.058588160094490985,-1.0,-1.0,-1,0.0029355597615345896,0.08504898229876888
2024-02-13,0.058561895531434566,0.05862723164557258,0.05804113491313564,0.05815206124342482,-1.0,-1.0,-1,-0.007443463839158393,0.0873400545529279
2024-02-14,0.05811978429423257,0.05854187412443309,0.05811728474883308,0.05851712342695,-1.0,-1.0,-1,0.006277717001243133,0.08937849424828472
2024-02-15,0.05854225111347362,0.058685101613253444,0.058469017998225466,0.058668076264979066,-1.0,-1.0,-1,0.0025796353133713534,0.08972195320918273
2024-02-16,0.058622248198391756,0.05872149218358217,0.058483328449975405,0.05857355813864947,-1.0,-1.0,-1,-0.0016110657166036324,0.08652293527120365
2024-02-19,0.05861261021002364,0.0587157514691415,0.05859918072485429,0.058670296402337424,-1.0,-1.0,-1,0.001651568843725748,0.08625328776857565
2024-02-20,0.05865506860443461,0.058840991341253916,0.05854201121079515,0.05860910627266891,-1.0,-1.0,-1,-0.0010429490461220103,0.08352489155692885
2024-02-21,0.058599300910340144,0.058687512471096395,0.05853438675718035,0.05867131186999846,-1.0,-1.0,-1,0.0010613640317282957,0.08359196551821023
2024-02-22,0.05865618676129865,0.05878359114836684,0.05828290405060355,0.05845030701023757,-1.0,-1.0,-1,-0.003766830035274893,0.08349858648668951
2024-02-23,0.05841565072114121,0.05858383537239254,0.05829680067157914,0.058424200004732356,-1.0,-1.0,-1,-0.0004466530090362353,0.08299020667265383
2024-02-26,0.058445353594389245,0.0585408802675084,0.058327471422455375,0.05848226817628895,-1.0,-1.0,-1,0.000993906147656265,0.0830844908514395
2024-02-27,0.0584748131437346,0.05868112413082253,0.05847076154951027,0.05860050279231396,-1.0,-1.0,-1,0.002021717346334828,0.06157159755086276
2024-02-28,0.05861415619793414,0.058623279186918564,0.058430532524187326,0.05849937405669759,-1.0,-1.0,-1,-0.0017257315346727031,0.06182058439861346
2024-02-29,0.058456183875095505,0.058684395613810905,0.05845616678947333,0.058637080741207874,-1.0,-1.0,-1,0.0023539856063556908,0.06184566050177666
2024-03-01,0.05864519626934449,0.05882842601310639,0.05861144218435467,0.058776335471812345,-1.0,-1.0,-1,0.002374857834738897,0.06108439766848627
2024-03-04,0.058741464130993466,0.05899343049158046,0.058739359365051015,0.058979652020053085,-1.0,-1.0,-1,0.0034591565909760646,0.059327882359807134
2024-03-05,0.05896807055883451,0.059173645951649805,0.05888915618022555,0.059001418689112385,-1.0,-1.0,-1,0.0003690538739005156,0.054816932400947524
2024-03-06,0.05902335819889042,0.059351936208538965,0.058986470863042845,0.05921381813660036,-1.0,-1.0,-1,0.003599904073614546,0.05419252507537876
2024-03-07,0.059202933150119985,0.05935082659379968,0.05908836694821288,0.05925295650033077,-1.0,-1.0,-1,0.0006609667297610144,0.05416416787678488
2024-03-08,0.0592320739311054,0.059649819768069566,0.0592133798553121,0.05948238429189196,-1.0,-1.0,-1,0.0038720058054808604,0.054722002851390006
2024-03-11,0.05949070011630432,0.0595838189414577,0.05940492894576449,0.05954567838307283,-1.0,-1.0,-1,0.0010640812727054083,0.0531106866456123
2024-03-12,0.05951495313197441,0.05962193729560855,0.05931410943275248,0.05952451814902558,-1.0,-1.0,-1,-0.000355361373349683,0.05220093132270021
2024-03-13,0.05950972909683572,0.06002653172702334,0.059506081670311906,0.05999872802696583,-1.0,-1.0,-1,0.007966631107420463,0.055018989099865516
2024-03-14,0.05997648921622723,0.06007420365635633,0.05976236094792667,0.059873965303037104,-1.0,-1.0,-1,-0.0020794228149745297,0.05248224595697906
2024-03-15,0.05984646389687257,0.06000913339010197,0.05974199225803522,0.05982666420579655,-1.0,-1.0,-1,-0.0007900111008374289,0.05118664157099988
2024-03-18,0.05988066980122013,0.0599395329991105,0.05928068813022781,0.05941843023043358,-1.0,-1.0,-1,-0.006823612527663059,0.05580260046297659
2024-03-19,0.0594020882804135,0.059517538925958395,0.05900249787074736,0.059502045234049804,-1.0,-1.0,-1,0.001407223369785271,0.0540342122176137
2024-03-20,0.05948310962231497,0.05998096803884127,0.05933591246766192,0.0599426947837867,-1.0,-1.0,-1,0.007405620227062926,0.05749806901289417
2024-03-21,0.05990147405547356,0.05999572230499966,0.059564902215278284,0.05974035051455858,-1.0,-1.0,-1,-0.003375628505825068,0.055880275474160385
2024-03-22,0.05974482983178843,0.05990055908186819,0.05943029524673527,0.05964396726619788,-1.0,-1.0,-1,-0.0016133693145508055,0.05625025934192282
2024-03-25,0.059715467739315714,0.05999604626055143,0.0596318745488476,0.059968594447088054,-1.0,-1.0,-1,0.00544274963201774,0.05757023928869133
2024-03-26,0.05992938520541246,0.06009523291560136,0.05982491043463097,0.0600845991155547,-1.0,-1.0,-1,0.0019344236685254756,0.05207993931085747
2024-03-27,0.06004120027162639,0.060561850455228286,0.059965052367480225,0.06044962430558494,-1.0,-1.0,-1,0.0060751872427113884,0.051907843644661895
2024-03-28,0.0604353581897918,0.06046998481598681,0.06010870659587865,0.06015451891273114,-1.0,-1.0,-1,-0.004881839982362579,0.054486287264676345
2024-03-29,0.06018829909371468,0.0604465367005681,0.06010054219704144,0.06037006852002778,-1.0,-1.0,-1,0.003583265417006265,0.0545355250361602
2024-04-01,0.06024170780422288,0.060485675782261245,0.05997422307892068,0.060188208528067264,-1.0,-1.0,-1,-0.0030124198368298716,0.05572345491767164
2024-04-02,0.06018732099914564,0.06042467671287342,0.060044913595369336,0.06040524063786726,-1.0,-1.0,-1,0.0036058908398775014,0.0559739050858404
2024-04-03,0.06041137123240708,0.0605304708877187,0.0601659376560554,0.06046168542994304,-1.0,-1.0,-1,0.0009344353483198287,0.05597415511281699
2024-04-04,0.06044797997962903,0.060626563407503865,0.06018085550696955,0.06028419779365865,-1.0,-1.0,-1,-0.0029355390115620716,0.05540686558106375
2024-04-05,0.06021738475897991,0.060827435606555985,0.06020616396727314,0.060766724141859914,-1.0,-1.0,-1,0.00800419290396559,0.05875404658790628
2024-04-08,0.06075029653738497,0.061300615151673045,0.060626618541256866,0.061281832081651916,-1.0,-1.0,-1,0.008476809422694576,0.06229168929785618
2024-04-09,0.061263623498275424,0.06149740019740665,0.060883245417926946,0.061020649692959346,-1.0,-1.0,-1,-0.004261987277804802,0.06451591730971441
2024-04-10,0.06103582680962071,0.06133426561417068,0.06052836419674623,0.0608233844016606,-1.0,-1.0,-1,-0.0032327628809482034,0.06528509631745268
2024-04-11,0.06081114157411464,0.061067546202178774,0.06064548016816992,0.0608254191859795,-1.0,-1.0,-1,3.3453980552211604e-05,0.06530832567508775
2024-04-12,0.06081189967252792,0.060875610430183594,0.05972318899134402,0.06008822754450359,-1.0,-1.0,-1,-0.012119795495726504,0.07577363787194513
2024-04-15,0.0600172729711611,0.06045289495312029,0.05972370619042187,0.05981918455085813,-1.0,-1.0,-1,-0.004477465963631522,0.07678983800038257
2024-04-16,0.059818737262347633,0.05986202999327151,0.05852522290794276,0.058569081206323946,-1.0,-1.0,-1,-0.02089803386522837,0.09868058673165274
2024-04-17,0.05854398189820079,0.05930742567519281,0.05852590795630456,0.05895720620666092,-1.0,-1.0,-1,0.0066267899776284445,0.10008046752552452
2024-04-18,0.05891538542887013,0.05909989093115129,0.058239778409291114,0.05858936151950337,-1.0,-1.0,-1,-0.0062391811082118664,0.10159593535354679
2024-04-19,0.05865560187392917,0.05865560187392917,0.05381162540974189,0.05851289477918696,-1.0,-1.0,-1,-0.0013051301180497799,0.10082911780795942
2024-04-22,0.058530292645610195,0.05878110328604001,0.05800583480692323,0.05835444548542291,-1.0,-1.0,-1,-0.002707938042751157,0.10090419459389359
2024-04-23,0.058373026991687685,0.05899626701120487,0.058306522050943575,0.058960890946230915,-1.0,-1.0,-1,0.01039244663818284,0.10586653646861141
2024-04-24,0.058951071789436205,0.0591364307024521,0.058323916450989687,0.05857103656384815,-1.0,-1.0,-1,-0.006612084317692779,0.10440158388720125
2024-04-25,0.058579065189419806,0.05876580065465102,0.05750312241954738,0.05812346644866492,-1.0,-1.0,-1,-0.0076414921340060005,0.1062310029253677
2024-04-26,0.058156187164057155,0.058429183975095146,0.05786794246190481,0.058263259625454644,-1.0,-1.0,-1,0.002405107357338787,0.10667989497009847
2024-04-29,0.058302323784870255,0.058854739734041324,0.057975719768560925,0.05879898948056679,-1.0,-1.0,-1,0.009194985974970926,0.1089765027071138
2024-04-30,0.058768822551947965,0.058963272367275145,0.05832782864450501,0.05834564426427309,-1.0,-1.0,-1,-0.007710085161302449,0.11090281022949264
2024-05-01,0.05834688682891964,0.05912872056387514,0.05826607728587289,0.058839121779036156,-1.0,-1.0,-1,0.008457829560127639,0.11160503488930233
2024-05-02,0.05886215337181544,0.05916618865316751,0.05877263922062778,0.05887289606667237,-1.0,-1.0,-1,0.0005740107366498659,0.11133673874675404
2024-05-03,0.05888405876040224,0.05943165508244657,0.05870018995381469,0.0589118799045981,-1.0,-1.0,-1,0.0006621695301276542,0.11132786881975057
2024-05-06,0.05876588699026102,0.05933633496073122,0.05875956789388962,0.05923995142323983,-1.0,-1.0,-1,0.005568851633541705,0.11138584217951224
2024-05-07,0.05921022442155312,0.05940623468433012,0.05903717452805683,0.05916447339033436,-1.0,-1.0,-1,-0.0012741069344608391,0.11119364729619641
2024-05-08,0.05911746492486909,0.05925188569126213,0.05889314457295256,0.05916881424808715,-1.0,-1.0,-1,7.336932966772736e-05,0.10946123652137475
2024-05-09,0.05916417585486318,0.05961394012375854,0.05894679756785513,0.05956832621045072,-1.0,-1.0,-1,0.006752069775954439,0.11077566757222433
2024-05-10,0.05958960638085505,0.05980383743283656,0.059476706096748974,0.05959722408049677,-1.0,-1.0,-1,0.000485121404015354,0.11019364360761354
2024-05-13,0.05958827481516461,0.059765539787413974,0.059430524825021674,0.059507515799245445,-1.0,-1.0,-1,-0.0015052426121417994,0.10997021885470908
2024-05-14,0.0595321546562033,0.05962568781957506,0.0592482698024011,0.059334680230574574,-1.0,-1.0,-1,-0.002904432597286455,0.10955014656026278
2024-05-15,0.05932753426461741,0.060060997949517525,0.059171089952186805,0.059929762318562646,-1.0,-1.0,-1,0.010029245724011426,0.11372897365017308
2024-05-16,0.059925434781501384,0.06002112743685778,0.05973201827321903,0.059915040472609836,-1.0,-1.0,-1,-0.0002456516659378183,0.11344791990754788
2024-05-17,0.05993477298655873,0.06024025621385773,0.05981630413001673,0.06020253940331457,-1.0,-1.0,-1,0.004798443403141173,0.11180691428980781
2024-05-20,0.06017030000009025,0.060425352181612026,0.06009106199534775,0.060384850769408666,-1.0,-1.0,-1,0.003028300266085804,0.1091801748955923
2024-05-21,0.06035048544421729,0.06050265606660133,0.05999604626055143,0.0600941675605674,-1.0,-1.0,-1,-0.004813843292439279,0.10935836600599905
2024-05-22,0.06011042284676951,0.060267630466613084,0.05990725159308359,0.0600288558710172,-1.0,-1.0,-1,-0.0010868224355445877,0.1090666101049008
2024-05-23,0.06005987970006096,0.060161702624313626,0.05967083775767733,0.05980737837646293,-1.0,-1.0,-1,-0.003689517172044021,0.10946651515266287
2024-05-24,0.05979125080606079,0.059973683547659286,0.05968957244060813,0.05990319643456175,-1.0,-1.0,-1,0.001602110988642158,0.10393699773109887
2024-05-27,0.05989772463518542,0.060089671817252895,0.05986769239979645,0.05999572230499966,-1.0,-1.0,-1,0.0015445898707422412,0.10318673156578323
2024-05-28,0.05981700184625176,0.06012074048311223,0.05943861417682275,0.059537471247122484,-1.0,-1.0,-1,-0.007638062186293371,0.08532966429818109
2024-05-29,0.05950372701594164,0.059726791736559454,0.05885543251827388,0.05889675193247605,-1.0,-1.0,-1,-0.010761614513102091,0.08937445142132992
2024-05-30,0.05888691944858289,0.0591437930511366,0.05837009676594642,0.058751972964692124,-1.0,-1.0,-1,-0.002458182548842669,0.08774471926022817
2024-05-31,0.058784023090364276,0.05910811761333242,0.058575410862575644,0.058779824883145704,-1.0,-1.0,-1,0.0004740592876824046,0.08764734397226615
2024-06-03,0.05887312135869745,0.059104501783035064,0.05633691730022224,0.05653544037150568,-1.0,-1.0,-1,-0.03818290571810756,0.14151107201026544
2024-06-04,0.05653689470540462,0.05699522323034106,0.05495115391928115,0.05599353386670908,-1.0,-1.0,-1,-0.009585253094972379,0.13934447307651793
2024-06-05,0.05604448138398484,0.057201382328605346,0.05598242151964284,0.05708006906688357,-1.0,-1.0,-1,0.019404654879632277,0.15123964188249867
2024-06-06,0.057105347087727236,0.05732267017022826,0.055511470196307984,0.055588383584305616,-1.0,-1.0,-1,-0.026133210890653902,0.1671517006942908
2024-06-07,0.05556402906998873,0.056163620351898785,0.054178415481807296,0.05436245076800552,-1.0,-1.0,-1,-0.022053759027564457,0.17701460985821885
2024-06-10,0.05449569007211142,0.05491331384276781,0.05358997931694748,0.05481405838080916,-1.0,-1.0,-1,0.008307344617903611,0.17653409996093933
2024-06-11,0.05463832977182487,0.05490624347130448,0.05374786553788983,0.05387028358933389,-1.0,-1.0,-1,-0.01721775068940512,0.1811671041855933
2024-06-12,0.05388867408264637,0.054017803727930684,0.05264489256361938,0.053352141741702004,-1.0,-1.0,-1,-0.009618324113193966,0.17914961944162475
2024-06-13,0.05334763049830688,0.05445739199193159,0.053058054000365035,0.05442102828532945,-1.0,-1.0,-1,0.020034557352961224,0.19118225955927678
2024-06-14,0.05430995669867152,0.0543820956738771,0.0535279466733184,0.05415462064823623,-1.0,-1.0,-1,-0.004895306933497268,0.19105014249519328
2024-06-17,0.05408328826392645,0.05425360467731177,0.05365866222516033,0.05397944570666382,-1.0,-1.0,-1,-0.003234718283971927,0.18942318834531185
2024-06-18,0.0539548063750841,0.05466675012457186,0.053883113517171746,0.05431461742141354,-1.0,-1.0,-1,0.006209247063615919,0.19125722696719383
2024-06-19,0.05432177230214313,0.054457332679845344,0.054118791830443665,0.05428452855651195,-1.0,-1.0,-1,-0.0005539736139192897,0.19118463891232673
2024-06-20,0.05426545466582519,0.05477597175312689,0.05416807052249437,0.054437766745057056,-1.0,-1.0,-1,0.002822870394565191,0.18981353468166215
2024-06-21,0.05448225512950432,0.05526454168977415,0.0544173264767502,0.05520849349547332,-1.0,-1.0,-1,0.014157942114446653,0.19598609429684588
2024-06-24,0.05518434883572061,0.055946559846035075,0.05509657051396836,0.055692931453139964,-1.0,-1.0,-1,0.008774699815099263,0.1986730681681271
2024-06-25,0.05563491257668925,0.05589324390414309,0.05494351531907622,0.05524892402720456,-1.0,-1.0,-1,-0.007972419737125702,0.19938653815433796
2024-06-26,0.05523075270402862,0.05535121731164673,0.05436630767687603,0.0545314994390072,-1.0,-1.0,-1,-0.012985313303913393,0.19817523948653606
2024-06-27,0.05456065712855446,0.05470375727286453,0.054156805614977606,0.05423214067817292,-1.0,-1.0,-1,-0.005489648440148098,0.19810961657260134
2024-06-28,0.054144416695430894,0.05492456385776954,0.05376709760099275,0.054576379506678645,-1.0,-1.0,-1,0.006347505818524279,0.19870580116528758
2024-07-01,0.054638837285542564,0.05474731786046387,0.05420362676466682,0.05444239015158939,-1.0,-1.0,-1,-0.0024550795838859107,0.19784866131298876
2024-07-02,0.054423234802787886,0.05490363588347911,0.05406824331466447,0.05475641608305454,-1.0,-1.0,-1,0.005768040870189228,0.19954810194706596
2024-07-03,0.05477327151987065,0.055222090824325,0.05463686699091826,0.055020617600930515,-1.0,-1.0,-1,0.004825033060513517,0.20077730238981628
2024-07-04,0.05486726100712698,0.055379111552913356,0.054850844099639855,0.055239615642754356,-1.0,-1.0,-1,0.003980290505138484,0.2017176064489801
2024-07-05,0.0551908361135717,0.055551312052551545,0.05496453413434982,0.05521612973581843,-1.0,-1.0,-1,-0.0004251641989657662,0.2014389705301158
2024-07-08,0.05527761662817041,0.05566980236106766,0.055216053515399065,0.055523629468611106,-1.0,-1.0,-1,0.0055690200357016995,0.2024992347932521
2024-07-09,0.05552877834466491,0.05586462660223241,0.05538648830001974,0.05581369388979586,-1.0,-1.0,-1,0.005224161748084821,0.20309346558308394
2024-07-10,0.05586216123439735,0.056287702206534215,0.05581190272543474,0.05606118068770811,-1.0,-1.0,-1,0.004434159086494249,0.20221629617117237
2024-07-11,0.0560695262125035,0.056493839770476825,0.055903820830490385,0.056249771485303336,-1.0,-1.0,-1,0.003364017583678436,0.20269612773662007
2024-07-12,0.056218148905011006,0.056796334591750784,0.0561646928521442,0.05674489707326844,-1.0,-1.0,-1,0.008802268434005445,0.20478102451418018
2024-07-15,0.05656476524208305,0.05664133854811257,0.05599351819033428,0.056337996429297786,-1.0,-1.0,-1,-0.007170700185521017,0.17327267095583967
2024-07-16,0.05629885685171162,0.056692556267362096,0.05615114765926922,0.05660126390622303,-1.0,-1.0,-1,0.004673000348097922,0.17137819224322123
2024-07-17,0.05662119795733366,0.056665426638247064,0.056145472920336593,0.05649541963385318,-1.0,-1.0,-1,-0.0018699983898806671,0.16171499404898546
2024-07-18,0.05646790434901683,0.05652869707571397,0.055330085457316984,0.05566129655754362,-1.0,-1.0,-1,-0.014764437218371174,0.1487676943890124
2024-07-19,0.05561712061823992,0.05610913451098925,0.055220474647589834,0.055404117634022566,-1.0,-1.0,-1,-0.004620426390089194,0.1340775856254118
2024-07-22,0.05541910141252206,0.05590307078362968,0.05521016993414255,0.05572893446277308,-1.0,-1.0,-1,0.005862683905483834,0.133050382344602
2024-07-23,0.05575478599082945,0.05577504585405957,0.054968673353056094,0.055105071595264274,-1.0,-1.0,-1,-0.011194595294578003,0.1270570337201541
2024-07-24,0.05508930113437134,0.055096403554709766,0.054252957125244305,0.0544431756159905,-1.0,-1.0,-1,-0.012011525620278074,0.1289355095375658
2024-07-25,0.05442517490890586,0.05458691082300139,0.05379735343919756,0.05419130451746843,-1.0,-1.0,-1,-0.004626311666656169,0.1159709696587423
2024-07-26,0.05421044385885119,0.05463676250956485,0.054036864489323266,0.054174849326200314,-1.0,-1.0,-1,-0.0003036500304732792,0.11508653437856906
2024-07-29,0.05421031161442374,0.054299266606955575,0.05339156573436094,0.053665342921541265,-1.0,-1.0,-1,-0.009404851347000198,0.1179645473337913
2024-07-30,0.05366145524500479,0.05383665581768324,0.053138110998605916,0.05329382484451527,-1.0,-1.0,-1,-0.00692286784730245,0.11793568761716926
2024-07-31,0.05332183003719997,0.05401635939460624,0.052782606653194786,0.0537116206971285,-1.0,-1.0,-1,0.007839479598849453,0.1204496761262313
2024-08-01,0.053754770735902804,0.054259948561568766,0.05299711960654938,0.05302755523880429,-1.0,-1.0,-1,-0.012735893079479976,0.125260420253024
2024-08-02,0.053050327519459525,0.053050327519459525,0.051998551320360215,0.0521252099668614,-1.0,-1.0,-1,-0.017016535419731693,0.1254017121834426
2024-08-05,0.05226887422514661,0.052327966577081185,0.04904835161978502,0.051705519486646916,-1.0,-1.0,-1,-0.008051583494460779,0.12242164852109232
2024-08-06,0.051634476443190074,0.052249893475529684,0.050988748312909796,0.05104159302853506,-1.0,-1.0,-1,-0.012840533558188483,0.1251152456222846
2024-08-07,0.05105360603106459,0.052307602177670096,0.05102341490021478,0.05184826087970944,-1.0,-1.0,-1,0.01580412764004846,0.13199676147642048
2024-08-08,0.051866345613987314,0.053023520438313626,0.05160669710429662,0.05298813330754577,-1.0,-1.0,-1,0.021984776509300863,0.14808450997282274
2024-08-09,0.05298783849624754,0.05326928234823781,0.05285877430545553,0.05310350137936345,-1.0,-1.0,-1,0.0021772435565539094,0.14684028719259234
2024-08-12,0.053083247537534496,0.05322172383034617,0.0523437708557212,0.052440846070122324,-1.0,-1.0,-1,-0.012478561526615972,0.15060580447040195
2024-08-13,0.05239463112214891,0.052896381014748306,0.05235830990517125,0.052569560699837536,-1.0,-1.0,-1,0.0024544727890754015,0.14957545783861825
2024-08-14,0.05253066477556274,0.05325867177665869,0.05252791924567807,0.053197417478171104,-1.0,-1.0,-1,0.011943352198024115,0.1534861974192095
2024-08-15,0.053164765583257355,0.053668165439633514,0.0530749503218465,0.053633379913923786,-1.0,-1.0,-1,0.00819518045084755,0.15517001301223216
2024-08-16,0.05360414145596889,0.05376602798898118,0.053349025059904284,0.053628662804151614,-1.0,-1.0,-1,-8.795100699865444e-05,0.1551827557925625
2024-08-19,0.053572136488946466,0.053742853879898154,0.053080387592990205,0.053549329910460165,-1.0,-1.0,-1,-0.0014793002387765153,0.1539591288626109
2024-08-20,0.05352910712111094,0.05359932893640172,0.05254497652947261,0.052656646282401284,-1.0,-1.0,-1,-0.01667030436331396,0.1590616100621854
2024-08-21,0.05266068090260407,0.05282692736403142,0.051528768382566065,0.051870179315209895,-1.0,-1.0,-1,-0.014935758782918196,0.16224399310993562
2024-08-22,0.05188424106974928,0.05188424106974928,0.0511889923190917,0.05121770083740941,-1.0,-1.0,-1,-0.012579067325667714,0.16377856409249694
2024-08-23,0.05121200901126511,0.052573485246171406,0.05119454798541775,0.05234026405663216,-1.0,-1.0,-1,0.021917485573714535,0.17599384885165167
2024-08-26,0.052266142332726785,0.0523315265001617,0.051423426147475186,0.051540161769105745,-1.0,-1.0,-1,-0.015286554279907882,0.17935304138058905
2024-08-27,0.05152114904527447,0.051674579336627585,0.05052392042381486,0.05061921216764375,-1.0,-1.0,-1,-0.01786858189517815,0.18294423072650648
2024-08-28,0.05055860943600607,0.05148959395306209,0.050516927085635537,0.050903926474368595,-1.0,-1.0,-1,0.005624629355785116,0.18485823957364192
2024-08-29,0.05087718628808952,0.05110211940930038,0.05010618753793978,0.050380371807143935,-1.0,-1.0,-1,-0.01028515290442833,0.18291150098050366
2024-08-30,0.050391808912244936,0.05096381492694464,0.05032066845975982,0.0506882321439931,-1.0,-1.0,-1,0.006110719826119215,0.18484846805410335
2024-09-02,0.05072647927290694,0.05096208777404225,0.050417126092728186,0.05042827473021503,-1.0,-1.0,-1,-0.005128555540062973,0.18305940403592572
2024-09-03,0.050416439792687597,0.05069617251501937,0.05003717762297387,0.050487775016376975,-1.0,-1.0,-1,0.001179899302132803,0.1819093519018514
2024-09-04,0.05051169610951339,0.05082686413242228,0.05010385276080997,0.0501504639294042,-1.0,-1.0,-1,-0.00668104480467524,0.18022461154385777
2024-09-05,0.05016133138205754,0.05035316450756493,0.049625390334710855,0.050306429035864714,-1.0,-1.0,-1,0.0031099434429970874,0.18088905895857582
2024-09-06,0.050254034142590796,0.050608606449004105,0.049753768599202546,0.050046806275569226,-1.0,-1.0,-1,-0.005160826663136775,0.18094445222214822
2024-09-09,0.05010603690059088,0.05048904955626437,0.04996574847941736,0.050290174305744145,-1.0,-1.0,-1,0.004862808404493935,0.18099031154914008
2024-09-10,0.050281564189067735,0.05030909910490051,0.04966212374112724,0.04976169126055321,-1.0,-1.0,-1,-0.01050867396040367,0.18211547256118332
2024-09-11,0.0497743232185272,0.05064522010412657,0.04963053786847262,0.05046909764533901,-1.0,-1.0,-1,0.014215883079250702,0.18607071001170292
2024-09-12,0.050466639784769875,0.05138163943910774,0.05039125026486901,0.051196330247047894,-1.0,-1.0,-1,0.014409463129682942,0.18907814488922428
2024-09-13,0.051235479544875236,0.052095231124400024,0.05110439145146182,0.05206145125460288,-1.0,-1.0,-1,0.016898105848218936,0.18982147068256017
2024-09-16,0.05198850846008998,0.05219389195759977,0.05157913386771035,0.05200078209176266,-1.0,-1.0,-1,-0.0011653375266763577,0.18831768210947408
2024-09-17,0.05191675356233294,0.05237808281027271,0.05153377394710058,0.052340661287616906,-1.0,-1.0,-1,0.006536040078291228,0.18494994811515922
2024-09-18,0.05231130983596481,0.05244827223590394,0.05158820745165863,0.05185432357460891,-1.0,-1.0,-1,-0.009291776241334149,0.18165348656591646
2024-09-19,0.05187482086975918,0.05224124064587936,0.05153890001556475,0.05176534046452663,-1.0,-1.0,-1,-0.001716021036399118,0.16937688340553053
2024-09-20,0.0517642418311497,0.051918330389564005,0.05130950844721265,0.05149342519073808,-1.0,-1.0,-1,-0.005252844303707205,0.1696400909330831
2024-09-23,0.05152335231539505,0.05181092122408482,0.05127478078108412,0.05148351021780357,-1.0,-1.0,-1,-0.0001925483282143592,0.16609786940759066
2024-09-24,0.051446217481167476,0.05198873819953122,0.051418627066096845,0.0517351182638936,-1.0,-1.0,-1,0.004887157946798615,0.1666304463784578
2024-09-25,0.0517290432713447,0.05178025701648373,0.05079847584253082,0.050895687761063076,-1.0,-1.0,-1,-0.016225545258226837,0.16837183234976622
2024-09-26,0.0509020349615537,0.051371741073068335,0.050627323161291565,0.050928308474801565,-1.0,-1.0,-1,0.0006409327621552663,0.166030772681926
2024-09-27,0.05093037054391089,0.05120237251313277,0.05061228208249296,0.05081753987715876,-1.0,-1.0,-1,-0.00217499070674243,0.16596805452134267
2024-09-30,0.05078295896559175,0.0511463037461343,0.05065567438532505,0.050778304461635726,-1.0,-1.0,-1,-0.0007720841193390449,0.1659903752752747
2024-10-01,0.050762567986941835,0.0510438206095551,0.05042697782801425,0.05096995830657411,-1.0,-1.0,-1,0.003774325412601698,0.1604701261495166
2024-10-02,0.05101410948240065,0.051709623574624226,0.05085196104231265,0.0515027073685696,-1.0,-1.0,-1,0.010452216946914339,0.15821385351286948
2024-10-03,0.05148258254138106,0.051834782849840076,0.05109197603071036,0.05167583439031946,-1.0,-1.0,-1,0.0033615130270900906,0.15405707617760545
2024-10-04,0.05165684153540664,0.05232481781806556,0.05156058420204325,0.051857389068617955,-1.0,-1.0,-1,0.0035133381093988003,0.1402780550919684
2024-10-07,0.051880660990749415,0.05210143315412177,0.051468499219737555,0.051851339099720756,-1.0,-1.0,-1,-0.00011666551297428995,0.13286190051775792
2024-10-08,0.05182723391574187,0.05201674106794531,0.05141012841221875,0.05167065434941608,-1.0,-1.0,-1,-0.0034846689293246413,0.12192109949083983
2024-10-09,0.05167663552029716,0.05176321023006677,0.05127763351670215,0.051287311519130165,-1.0,-1.0,-1,-0.007418966047799791,0.12321002140067895
2024-10-10,0.051318513743996055,0.051498596277011977,0.05097129627906989,0.051384966146299685,-1.0,-1.0,-1,0.0019040699205512546,0.11912513319000187
2024-10-11,0.05138964010550293,0.0519219561077744,0.05130323030789634,0.051857389068617955,-1.0,-1.0,-1,0.009193796507975138,0.12067035095411349
2024-10-14,0.05177094153999396,0.05196805627516878,0.051549686681004354,0.051598921582538926,-1.0,-1.0,-1,-0.004984197830265269,0.12060955278972885
2024-10-15,0.051595114561792374,0.051617312343325325,0.0506085808367066,0.05076653662818309,-1.0,-1.0,-1,-0.016131828511654733,0.13018347925186063
2024-10-16,0.050736130517681034,0.0508235059731596,0.05010555988829466,0.05028598899088844,-1.0,-1.0,-1,-0.009465834567644604,0.13170681283062163
2024-10-17,0.050246395763223914,0.050417825121235965,0.04993057154027325,0.05040170156144472,-1.0,-1.0,-1,0.002301089684787705,0.1315682140832416
2024-10-18,0.05038355742680088,0.05088813794959988,0.050227190137790756,0.05030939017221156,-1.0,-1.0,-1,-0.0018315133492193825,0.13076361065008824
2024-10-21,0.05032369458449109,0.05040043142769302,0.04981096737879746,0.0500492985590807,-1.0,-1.0,-1,-0.005169842294660221,0.13089258548178898
2024-10-22,0.050133857399256014,0.05058357000121148,0.050050400753558835,0.050159645612071826,-1.0,-1.0,-1,0.0022047672228786563,0.12726654901255838
2024-10-23,0.050134737105972306,0.05046637236360517,0.049760997926956825,0.05038492825564104,-1.0,-1.0,-1,0.004491312504707912,0.12099046589769959
2024-10-24,0.05038316396193048,0.05062203085969623,0.050258605655399864,0.05048935545541272,-1.0,-1.0,-1,0.002072588041444501,0.11323326428080939
2024-10-25,0.0504687283142183,0.050575063762511634,0.049956650116861095,0.050036414000288715,-1.0,-1.0,-1,-0.008971028666111658,0.10319255236803891
2024-10-28,0.05007298137034728,0.0501541990850871,0.049764526700783566,0.049885251450351324,-1.0,-1.0,-1,-0.003021050827833438,0.10331143072771228
2024-10-29,0.049899726499599055,0.05009786618158572,0.049761604592797055,0.04983363042482671,-1.0,-1.0,-1,-0.0010347953357714434,0.10057536216487975
2024-10-30,0.049851691218624594,0.04998727823768851,0.04943567936117238,0.04961635394719183,-1.0,-1.0,-1,-0.004360037103109393,0.09829423413552615
2024-10-31,0.04960232575384995,0.05003595083067184,0.04953332180858046,0.0499079946119329,-1.0,-1.0,-1,0.005877914065420375,0.1005543534319508
2024-11-01,0.049946432451196086,0.05020189948927098,0.04926857111043723,0.04932164246001556,-1.0,-1.0,-1,-0.011748661842187924,0.10451511385215222
2024-11-04,0.04966291297816073,0.05011472513451418,0.049577451381872306,0.04972498354724607,-1.0,-1.0,-1,0.00817777079418014,0.10811873880125436
2024-11-05,0.04968702145187465,0.04991134497349084,0.049121848710600595,0.04973610025206256,-1.0,-1.0,-1,0.00022356377063315058,0.10669692549564637
2024-11-06,0.049721571629269,0.04999546291174076,0.04805507880912787,0.049770186165381355,-1.0,-1.0,-1,0.0006853354634974718,0.09693874484141582
2024-11-07,0.04978119918428527,0.05060251145324594,0.0494875563539548,0.05050075283997296,-1.0,-1.0,-1,0.014678801324230717,0.10670606692737901
2024-11-08,0.05051613599044841,0.0505708820446819,0.0493158291729267,0.04956493142320001,-1.0,-1.0,-1,-0.018530840911191726,0.1190709542823004
2024-11-11,0.04956378909219955,0.04968451574614094,0.04859294274973857,0.049175825459259186,-1.0,-1.0,-1,-0.007850428776316143,0.1208089046256368
2024-11-12,0.04912557701060548,0.04915698233150584,0.048310193958182215,0.048565378712823196,-1.0,-1.0,-1,-0.01241355362589136,0.12426375554703299
2024-11-13,0.048544101709601904,0.048940870618935615,0.04840911901938616,0.04874136394420966,-1.0,-1.0,-1,0.0036236767024324656,0.12002188756105919
2024-11-14,0.04873497409370614,0.04906098501211438,0.04837067025061086,0.04900687566465575,-1.0,-1.0,-1,0.005447359264504792,0.12095114196567486
2024-11-15,0.04900321338571777,0.04921509308788782,0.04876477603191752,0.049133662971078206,-1.0,-1.0,-1,0.0025871330237421386,0.12063107291051678
2024-11-18,0.04912472029612382,0.04949695012167588,0.04890594945765747,0.04947139811118202,-1.0,-1.0,-1,0.00687380341055821,0.12313835990619902
2024-11-19,0.04946729902363918,0.04983952917593578,0.04915529090346933,0.04973518500742795,-1.0,-1.0,-1,0.0053321091846463275,0.12456890313448228
2024-11-20,0.049724204698639,0.049761765547441626,0.04918169044355491,0.04931709387188257,-1.0,-1.0,-1,-0.008406345235931756,0.1250263928971368
2024-11-21,0.049308521942538805,0.04935472399974632,0.04886022530915697,0.04897915202394101,-1.0,-1.0,-1,-0.006852428263909527,0.1256658610875886
2024-11-22,0.04899174978933547,0.04907797213745366,0.048549204132896644,0.04892523490228407,-1.0,-1.0,-1,-0.0011008177853013557,0.1214781250096541
2024-11-25,0.049059288149728944,0.049431305191596976,0.04891036271191332,0.04924593394790617,-1.0,-1.0,-1,0.0065548800381360905,0.12352678773835983
2024-11-26,0.04923761704704778,0.04924774075989264,0.04800560705490401,0.048454436718384515,-1.0,-1.0,-1,-0.01607233665948793,0.12346576390700163
2024-11-27,0.048340822132362,0.04871141264558014,0.048118147374337054,0.048559907386544636,-1.0,-1.0,-1,0.0021766978486017496,0.12155371688001254
2024-11-28,0.04854817884857798,0.049499669713453834,0.04852976646020486,0.048949734496640085,-1.0,-1.0,-1,0.008027756457448687,0.12406762859152883
2024-11-29,0.04895247815801615,0.049384203672308155,0.048845046660451946,0.04908097108664534,-1.0,-1.0,-1,0.002681048045608092,0.12447588313143187
2024-12-02,0.049079573940218627,0.049095284373388295,0.04853712738350664,0.04903679475894738,-1.0,-1.0,-1,-0.0009000703678003763,0.12378474186385532
2024-12-03,0.04895240626776819,0.0492945700552247,0.04894043948514658,0.04922742479526314,-1.0,-1.0,-1,0.003887489736081884,0.12421746457676548
2024-12-04,0.049217382102837264,0.04936741824446993,0.04905516081140179,0.049266228788425195,-1.0,-1.0,-1,0.0007882596606147985,0.12336044273981366
2024-12-05,0.0492628552652386,0.04959793434523039,0.04922111280568464,0.04951414247694498,-1.0,-1.0,-1,0.005032122299931885,0.12423747827428132
2024-12-06,0.04947898627452921,0.04974551438478603,0.04930165439096557,0.04952701698776683,-1.0,-1.0,-1,0.00026001683918575047,0.12170053534112865
2024-12-09,0.04954172664311948,0.04972348768498381,0.049354760538105086,0.04940956801461733,-1.0,-1.0,-1,-0.002371412216861546,0.12158941286453308
2024-12-10,0.04944346436510636,0.049637300247094486,0.04919384811251814,0.04958829319574235,-1.0,-1.0,-1,0.0036172180471634174,0.1220885985067044
2024-12-11,0.04957520248371764,0.049755043482176374,0.049359425712953715,0.049652457622868726,-1.0,-1.0,-1,0.0012939430456517798,0.12148691117716376
2024-12-12,0.04964374408153489,0.04974591032652967,0.04942005564698266,0.04948901356271161,-1.0,-1.0,-1,-0.003291761737123644,0.12056964629774151
2024-12-13,0.04947390684310711,0.049724427224322805,0.04934387450076335,0.04968695973194879,-1.0,-1.0,-1,0.003999800258421837,0.11607765433525696
2024-12-16,0.04965754912683407,0.04975107051865989,0.04948388309927457,0.04966931412389167,-1.0,-1.0,-1,-0.00035513559598565614,0.1136363919340128
2024-12-17,0.04966439286521332,0.049758113371373404,0.04928725697685766,0.049558569432423046,-1.0,-1.0,-1,-0.002229640038764913,0.1138144068448876
2024-12-18,0.04955769754937186,0.04982256937481395,0.04895451513612415,0.04909275363955266,-1.0,-1.0,-1,-0.009399298611828644,0.1169246154227561
2024-12-19,0.04903739591812716,0.049279314662715124,0.0487649662729302,0.04922243322238597,-1.0,-1.0,-1,0.002641521878879338,0.1082942940112057
2024-12-20,0.04921730943242352,0.04994602083797935,0.04909195831994554,0.049806489337302244,-1.0,-1.0,-1,0.01186564898727216,0.10069185031568072
2024-12-23,0.04980701028689087,0.04986485378004264,0.049346504244292835,0.04957058243699393,-1.0,-1.0,-1,-0.004736469151854772,0.09892230083513849
2024-12-24,0.049524245337168496,0.049692292899294346,0.04946816772874823,0.04954313795336306,-1.0,-1.0,-1,-0.0005536445666287637,0.09137657674796626
2024-12-26,0.049587149787655424,0.04967364415788271,0.04941999458851059,0.04942055633214469,-1.0,-1.0,-1,-0.0024742401527687585,0.09137910153266807
2024-12-27,0.04943874662889547,0.04951503734547904,0.04900758416868803,0.04919323101141283,-1.0,-1.0,-1,-0.004599813065722214,0.09127032233954645
2024-12-30,0.049212852723894494,0.04922193654357163,0.04833032034061277,0.04842973837771031,-1.0,-1.0,-1,-0.015520278257904918,0.10156351981171435
2024-12-31,0.048448438749061316,0.04844961240310077,0.04782964610605698,0.047961872230052,-1.0,-1.0,-1,-0.009660720113938148,0.1024885181599809
2025-01-02,0.047986866954251965,0.04859778384386115,0.04792337244439631,0.04852796484634227,-1.0,-1.0,-1,0.01180297160992727,0.10755973574762472
2025-01-03,0.04850836769342712,0.04873316908630912,0.04829838743758943,0.04846839860411012,-1.0,-1.0,-1,-0.0012274621946491981,0.1051311910872857
2025-01-06,0.04848738746077371,0.04940588191846004,0.04838883330893729,0.049213458207562184,-1.0,-1.0,-1,0.015372069738422978,0.11300467947039555
2025-01-07,0.04918798022839947,0.049351265280077064,0.049027238307922924,0.04918741166248287,-1.0,-1.0,-1,-0.0005292565494882107,0.1129603604831891
2025-01-08,0.049193715010970196,0.04922872131596248,0.04871333469081159,0.049021301961660935,-1.0,-1.0,-1,-0.0033770774921387803,0.11176847080110158
2025-01-09,0.048976501319549386,0.04901552321620257,0.04872297093187554,0.04876182748601816,-1.0,-1.0,-1,-0.005293096373607309,0.1023783905068896
2025-01-10,0.04876264781177618,0.04882448938738692,0.048191609840726735,0.04827316043657281,-1.0,-1.0,-1,-0.010021508106632493,0.10638948415199075
2025-01-13,0.048276714402681865,0.048445974260653876,0.04792003105218012,0.048421812089473826,-1.0,-1.0,-1,0.003079385139830082,0.10401402074696413
2025-01-14,0.04834736615636022,0.04889631243570135,0.04827687754811394,0.048744523857397894,-1.0,-1.0,-1,0.006664595024402642,0.10564756963089035
2025-01-15,0.04871982568046372,0.04908612676344978,0.048629499140473605,0.04887097061901682,-1.0,-1.0,-1,0.0025940711204575084,0.10593361060257568
2025-01-16,0.04885512890914314,0.048884755411236894,0.04795853696727957,0.04798022447068217,-1.0,-1.0,-1,-0.01822648777080027,0.11747586731732984
2025-01-17,0.04795192531775343,0.04836310243498548,0.047757293613273855,0.0481643947120311,-1.0,-1.0,-1,0.00383846143657518,0.11817121909146304
2025-01-20,0.048135889541611555,0.04892372693123966,0.047846351966855875,0.04873229038109869,-1.0,-1.0,-1,0.011790777657706863,0.1225748644361961
2025-01-21,0.048761946372099,0.04882884026621483,0.04807765117596733,0.04847838470022179,-1.0,-1.0,-1,-0.005210214395656276,0.12330268408625261
2025-01-22,0.04850012161405495,0.048872964990828986,0.04835881076979731,0.048783283919931995,-1.0,-1.0,-1,0.006289384879377247,0.12481838433086526
2025-01-23,0.048773766541927756,0.04931581701267466,0.04862875423100555,0.04903756424533885,-1.0,-1.0,-1,0.0052124478914581385,0.12534849631451817
2025-01-24,0.049044863543702286,0.049668598692374805,0.049042843092082594,0.04932491455691676,-1.0,-1.0,-1,0.005859799849361913,0.12655898975303922
2025-01-27,0.04900399382549678,0.049140061213774254,0.04818993774823842,0.04833332205555819,-1.0,-1.0,-1,-0.020103278642568334,0.138915594094086
2025-01-28,0.0483919476766905,0.0487562642657782,0.048113910645731985,0.04865824878962606,-1.0,-1.0,-1,0.006722623652774651,0.1399449634203022
2025-01-29,0.04862080994976255,0.048855892704642676,0.04838998066094423,0.04874455949785304,-1.0,-1.0,-1,0.0017738145201269262,0.14012110894034682
2025-01-30,0.048736019159103854,0.0490168085989207,0.04817103027958707,0.04823560197428319,-1.0,-1.0,-1,-0.010441319581363073,0.14294951648693394
2025-01-31,0.04824492210133653,0.04888175649748528,0.04816291008008769,0.048348873870117035,-1.0,-1.0,-1,0.0023483048038714927,0.1408930140859973
2025-02-03,0.04724849566695859,0.04924639473299959,0.04696368063757893,0.049113006818604296,-1.0,-1.0,-1,0.015804565594226716,0.14838539141488208
2025-02-04,0.04914143765732938,0.04922337815121913,0.04852804727020029,0.04873305034051001,-1.0,-1.0,-1,-0.007736371741555836,0.14557717031569195
2025-02-05,0.048767463323819614,0.04886072665184069,0.04827663283037933,0.048578248263509795,-1.0,-1.0,-1,-0.0031765316539509314,0.1452698261996444
2025-02-06,0.04856132226653173,0.04898116723101135,0.04841453297768017,0.04887585532746823,-1.0,-1.0,-1,0.006126344086021529,0.14658578721652463
2025-02-07,0.04887019441052039,0.048950381445847416,0.04848261534620223,0.0486422607366238,-1.0,-1.0,-1,-0.004779345328676965,0.1470193804164333
2025-02-10,0.048471523222464424,0.0486565678338242,0.04830350833211367,0.04852659900602967,-1.0,-1.0,-1,-0.002377803351295449,0.14661979470242772
2025-02-11,0.04851884107896199,0.04877396874759179,0.04840377655945472,0.048640249660673464,-1.0,-1.0,-1,0.0023420280211614575,0.13959863449281923
2025-02-12,0.04864209511232068,0.04893126771617712,0.048471347011462745,0.0487039750479795,-1.0,-1.0,-1,0.0013101369287904507,0.13646289401777384
2025-02-13,0.04869644486734601,0.0490192714363725,0.04842758066945319,0.048998123126893625,-1.0,-1.0,-1,0.006039508656620951,0.13331829399641118
2025-02-14,0.048988437748922496,0.04935382273735549,0.04892852643180158,0.04924011424691308,-1.0,-1.0,-1,0.00493878345896559,0.1338786995654328
2025-02-17,0.04920655657683764,0.04934725912985978,0.04894802136189548,0.0492821682577004,-1.0,-1.0,-1,0.0008540599759057077,0.12632106383493974
2025-02-18,0.04926914155418522,0.049499694215638976,0.04917235549842821,0.0493723417622618,-1.0,-1.0,-1,0.0018297389857093727,0.1264076404461076
2025-02-19,0.04934750264625983,0.04950078458743571,0.048833704632267556,0.04890657133145695,-1.0,-1.0,-1,-0.009433833076981424,0.1290694559955873
2025-02-20,0.04892960375583638,0.04927735983732558,0.04884415198737086,0.04921460866757845,-1.0,-1.0,-1,0.00629848561727675,0.1293466196583562
2025-02-21,0.04922846685324256,0.04928157322551839,0.04892990302093221,0.04896786753016604,-1.0,-1.0,-1,-0.005013575117076119,0.1266466589805483
2025-02-24,0.04901561931725164,0.049147004588364344,0.04872000370272028,0.04883659032693655,-1.0,-1.0,-1,-0.0026808846259971375,0.12673043240865065
2025-02-25,0.048875425338389004,0.04903897102507877,0.048671191302847486,0.04884924609737267,-1.0,-1.0,-1,0.00025914525054671067,0.12529338346053848
2025-02-26,0.04884720593982024,0.04928978350941287,0.048665684268720234,0.048964283003762904,-1.0,-1.0,-1,0.002354937191065831,0.12525395920429794
2025-02-27,0.0489584098308487,0.049120207955312405,0.04866606320748289,0.04881347857295748,-1.0,-1.0,-1,-0.0030798864305606743,0.11310656252914596
2025-02-28,0.04880489025000305,0.049076021210656365,0.04840479575354408,0.0486716887737533,-1.0,-1.0,-1,-0.0029047263860176864,0.11311662427040267
2025-03-03,0.048338941053320025,0.049085054582580695,0.0482013660267132,0.04833019187086173,-1.0,-1.0,-1,-0.007016335604852153,0.10970348851517175
2025-03-04,0.04837262399717504,0.04885315985901955,0.04762002269570282,0.04854284099889517,-1.0,-1.0,-1,0.004399923108139969,0.10946548930987353
2025-03-05,0.04858106844343828,0.04914704081981196,0.048386761188591754,0.04899746291137044,-1.0,-1.0,-1,0.009365375060879089,0.11133190737489972
2025-03-06,0.04900158054598051,0.04947089639532787,0.048769199519428305,0.04927704416578276,-1.0,-1.0,-1,0.005706035329176906,0.11153517991694337
2025-03-07,0.049283164057985586,0.04943422529153835,0.04917616401824337,0.04936700393380971,-1.0,-1.0,-1,0.0018255918054723708,0.1103586318559263
2025-03-10,0.04933455091004979,0.049551681164662714,0.04902907718451505,0.0491210886412149,-1.0,-1.0,-1,-0.004981369599105667,0.09382396998203668
2025-03-11,0.04910386670853589,0.04939074052031169,0.0490081846118711,0.04934225539995476,-1.0,-1.0,-1,0.004502480805246067,0.09277069313036554
2025-03-12,0.04933916357782945,0.049609818775332014,0.049243896896083314,0.04954774061064122,-1.0,-1.0,-1,0.004164487598324218,0.0933171290629254
2025-03-13,0.0495549961347103,0.049851380571670705,0.04950317377222847,0.04978481757224835,-1.0,-1.0,-1,0.004784818816868874,0.08799950710417088
2025-03-14,0.04976484864892168,0.0503887492000786,0.04969981312870264,0.05015429970303639,-1.0,-1.0,-1,0.007421582498556845,0.08984930749602925
2025-03-17,0.04992112462309551,0.0503375130248315,0.04992112462309551,0.0501356796831425,-1.0,-1.0,-1,-0.0003712547080536588,0.07858668655745438
2025-03-18,0.050134234412639846,0.05022412515851989,0.049760812215881314,0.05020281939033696,-1.0,-1.0,-1,0.0013391602072372333,0.07441267355883288
2025-03-19,0.05019407539250512,0.050246345269268904,0.049783603123124555,0.04981620311859395,-1.0,-1.0,-1,-0.007701086840103399,0.07770293908258001
2025-03-20,0.04981673667993867,0.04993004800274815,0.04933573137878322,0.04958713749323136,-1.0,-1.0,-1,-0.00459821525974724,0.07759245313208733
2025-03-21,0.049618791231664926,0.04966219773103351,0.04932048699048855,0.04940978773308141,-1.0,-1.0,-1,-0.003576527485059211,0.07695792512626674
2025-03-24,0.049405332712802355,0.04991651462928253,0.0493877157934507,0.04991506950923004,-1.0,-1.0,-1,0.010226349865703366,0.0813590253548916
2025-03-25,0.04988148159971907,0.050107003505987034,0.04969478704168673,0.04987095889386214,-1.0,-1.0,-1,-0.0008837133915989837,0.08141777333433722
2025-03-26,0.04985745752892481,0.04989275552200545,0.04958348631904841,0.04973961312528911,-1.0,-1.0,-1,-0.002633712514984232,0.08202251245711246
2025-03-27,0.049701851021186655,0.04972347532286074,0.04909235597652797,0.04924943855640046,-1.0,-1.0,-1,-0.009854812655135547,0.08590019483585515
2025-03-28,0.049273329258429,0.049338189855821474,0.04887616587984186,0.0490995269506076,-1.0,-1.0,-1,-0.003043925173302875,0.08517375916538995
2025-03-31,0.04918331111887114,0.049184762560558745,0.04880989278907049,0.0488516563276207,-1.0,-1.0,-1,-0.005048330164896364,0.08632063653399409
2025-04-01,0.04882000819687937,0.04921400315560188,0.04867788432284926,0.04912509435088434,-1.0,-1.0,-1,0.005597313250339742,0.0877980988632542
2025-04-02,0.049152125829442124,0.04951489024158068,0.048746900001828006,0.04948601352056861,-1.0,-1.0,-1,0.007346940997331242,0.08583193771647012
2025-04-03,0.04955887644080043,0.050412627354899854,0.04916171894933541,0.050142542713298224,-1.0,-1.0,-1,0.013266964663797953,0.09213331867012506
2025-04-04,0.05016177171377693,0.05023715705918716,0.04863211241604578,0.04895312517974976,-1.0,-1.0,-1,-0.02372072633709943,0.1151780001740551
2025-04-07,0.04868211431290672,0.04883536207636239,0.04804637436053279,0.048306973425609315,-1.0,-1.0,-1,-0.013199397418813485,0.1211951119054266
2025-04-08,0.04829167009738739,0.048850451182767124,0.047825151247040815,0.04797251366856846,-1.0,-1.0,-1,-0.006923633035216148,0.12266804880637043
2025-04-09,0.047988098951460036,0.049579184278638985,0.04743531483292807,0.04939837716451339,-1.0,-1.0,-1,0.029722509556115995,0.15077219158335026
2025-04-10,0.04939654708256583,0.049406357906573564,0.04860081887519723,0.048805890675781005,-1.0,-1.0,-1,-0.011994047633573146,0.154690661017052
2025-04-11,0.048866958483853744,0.049380533551726974,0.048477597411490214,0.04922228785193936,-1.0,-1.0,-1,0.008531699153376815,0.15634081053127896
2025-04-14,0.04932182490752158,0.049943027491389194,0.04926557346359151,0.04978790353095812,-1.0,-1.0,-1,0.011491048134945059,0.15788349968921286
2025-04-15,0.04977063204223337,0.05017908916924504,0.049636696608349344,0.04974840985426452,-1.0,-1.0,-1,-0.000793238395126239,0.1576400256169167
2025-04-16,0.049379046149903426,0.05022741718817375,0.049379046149903426,0.050183861121182734,-1.0,-1.0,-1,0.008753069056756768,0.15736288361744855
2025-04-17,0.05016578537923202,0.05087692744059801,0.050116746962048084,0.050720407305158824,-1.0,-1.0,-1,0.01069160825789095,0.15935193094911895
2025-04-18,0.05071509552568606,0.050791109625753325,0.050673963717441976,0.050695787002664826,-1.0,-1.0,-1,-0.0004854121605505357,0.15939008343929023
2025-04-21,0.05074233498973229,0.05106001875434489,0.050592271069341006,0.05066428476975869,-1.0,-1.0,-1,-0.0006213974527010668,0.1584822492290241
2025-04-22,0.05067113923922352,0.05122181967563271,0.05065103035592226,0.050984250964876944,-1.0,-1.0,-1,0.006315419167019165,0.15890901822186948
2025-04-23,0.05097775330845619,0.05136338981936523,0.050819463854656334,0.05093068181413051,-1.0,-1.0,-1,-0.001050699965825408,0.1587653077214791
2025-04-24,0.05091868769302957,0.051121973962556216,0.05090329163590199,0.05104332557474785,-1.0,-1.0,-1,0.0022117072971539198,0.1584022650745273
2025-04-25,0.04989342763856403,0.05128151216871822,0.04989342763856403,0.05126534403787894,-1.0,-1.0,-1,0.0043496081148939325,0.1575478610256513
2025-04-28,0.05112735824939925,0.05132797007374033,0.05099820052849435,0.05104724703472923,-1.0,-1.0,-1,-0.004254277567874332,0.1581946476487888
2025-04-29,0.0510772054945793,0.05116233142651324,0.05088110814983062,0.05113899322664035,-1.0,-1.0,-1,0.001797279916950334,0.15821759381739417
2025-04-30,0.0510532411277763,0.051229481952109655,0.050877458080790354,0.05098677250160991,-1.0,-1.0,-1,-0.002976607778643947,0.15663161637988673
2025-05-01,0.05098283433459371,0.05104086357057893,0.0508202257383607,0.050994377614896065,-1.0,-1.0,-1,0.00014915855452346527,0.15580637083881993
2025-05-02,0.05099296042181377,0.051154021946610034,0.05075263621880679,0.0509873574297885,-1.0,-1.0,-1,-0.0001376658650602547,0.1552503142756707
2025-05-05,0.05100694076946521,0.05115650796468462,0.050755225060087845,0.05077906511171013,-1.0,-1.0,-1,-0.004085175788237194,0.1534659008704893
2025-05-06,0.0507807540941983,0.050965698046586724,0.05054966441341538,0.050836501930134885,-1.0,-1.0,-1,0.0011311121679455916,0.15340575119926095
2025-05-07,0.05090261794709233,0.051133920248469945,0.0508129952202756,0.05102074656617621,-1.0,-1.0,-1,0.0036242587323285225,0.1533016969907627
2025-05-08,0.05103082261686059,0.05124942248307039,0.05095819237023368,0.05118455127399628,-1.0,-1.0,-1,0.0032105509786612973,0.14998281662576365
2025-05-09,0.05119475765681594,0.05145392057006828,0.051157070623359134,0.05142711530653518,-1.0,-1.0,-1,0.004739008675497258,0.1497071845032471
2025-05-12,0.05092116385412105,0.05149312026166744,0.050849711389750585,0.05092076194772933,-1.0,-1.0,-1,-0.009846038530213042,0.152180588486929
2025-05-13,0.05091638028324273,0.051608042081197514,0.05090909646281052,0.05148549820843338,-1.0,-1.0,-1,0.011090491169078787,0.15430629626793194
2025-05-14,0.05143900619840025,0.051806894979652844,0.05143518305395885,0.05158766188208298,-1.0,-1.0,-1,0.001984319414294111,0.15335393239442716
2025-05-15,0.05158848689420285,0.05174143562822123,0.051232775860960394,0.051298624683872224,-1.0,-1.0,-1,-0.005602835787972493,0.15042383417792637
2025-05-16,0.051324031707986786,0.05145356315924878,0.05110841372260908,0.05135579293344289,-1.0,-1.0,-1,0.0011144207066557943,0.13123748181832084
2025-05-19,0.05133350324722909,0.05181280035232705,0.05130084843908191,0.051783689173584106,-1.0,-1.0,-1,0.008331995588029661,0.12477136179610038
2025-05-20,0.05178529815385412,0.051946716175350294,0.05172955169618614,0.05190934240985489,-1.0,-1.0,-1,0.0024265022109486445,0.1216366714537291
2025-05-21,0.051912656954673765,0.05192539359448344,0.05156337577171038,0.05160969343584051,-1.0,-1.0,-1,-0.005772544210798869,0.09319173243055294
2025-05-22,0.05150875584463414,0.051842669938975995,0.051388174450519096,0.051767243086290556,-1.0,-1.0,-1,0.003052714324798478,0.08404567059312927
2025-05-23,0.05176927985049032,0.052016943999338344,0.05160797549653323,0.051978699129096896,-1.0,-1.0,-1,0.004084746071060241,0.08199611593927399
